	0	1	2	3	4	5	6	7	8	9	10	11	12	13	14	15	16	17	18	19	20	21	22	23	24	25	26	27	28	29	30	31	32	33	34	35	36	37	38	39	40	41	42	43	44	45	46	47	48	49	50	51	52	53	54	55	56	57	58	59	60	61	62	63	64	65	66	67	68	69	70	71	72	73	74	75	76	77	78	79	80	81	82	83	84	85	86	87	88	89	90	91	92	93	94	95	96	97	98	99
A[C>A]A	777.1238	0.0	0.0	0.0	0.0	3.360679	846.6464	0.0	0.0	0.0	790.871	0.0	11.157339	829.3115	0.0	0.0	753.39343	0.0	0.0	0.0	0.0	824.2503	0.0	0.0	0.0	0.0	0.0	0.0	0.0	889.25287	0.0	808.0926	792.4618	0.0	0.0	0.0	0.0	802.60675	0.0	853.2674	0.0	0.0	0.0	0.0	0.0	0.0	0.0	0.0	741.1395	0.0	794.2715	0.0	0.0	0.0	0.0	0.0	0.0	2550.9387	0.0	0.0	0.0	3.6395402	0.0	0.0	0.0	0.0	0.0	0.0	0.0	794.36786	0.0	0.0	1.5098968	774.1123	0.0	0.0	0.0	777.5152	0.0	816.30786	0.0	793.4416	0.0	0.0	0.0	804.07404	38.735817	0.0	0.0	874.1298	0.0	0.0	0.0	0.0	0.0	0.0	0.0	0.0	0.0	0.0
A[C>A]C	508.4455	0.0	0.0	0.0	0.0	2.9284356	570.31604	0.0	0.0	0.0	521.2004	0.0	0.06458609	545.3048	0.0	0.0	488.5602	0.0	0.0	0.0	0.0	538.5905	0.0	0.0	0.0	0.0	0.0	0.0	0.0	595.4097	3.4811156	525.29834	523.94714	0.0	0.0	0.0	0.0	519.4105	0.0	560.6801	0.0	0.0	0.0	5.2458296	0.0	0.0	0.0	0.0	480.86346	0.0	517.56824	0.0	0.0	0.0	0.0	0.49084553	0.0	1673.012	0.0	0.0	0.0	6.8327746	0.0	0.0	0.0	0.0	0.0	0.0	0.0	528.7052	1.6379153	0.0	0.0	509.3806	0.0	0.0	0.0	520.7141	0.0	538.6243	0.0	501.8308	0.0	0.0	0.0	522.7571	28.31534	0.0	0.0	583.29266	0.0	0.0	0.0	0.0	0.0	0.0	0.0	0.0	0.0	0.0
A[C>A]G	105.40779	0.0	0.0	0.0	0.0	0.3947225	118.80868	0.33543238	0.0	0.0	111.357864	0.0	3.7127748	114.28711	0.0	0.0	99.62805	0.0	0.0	0.0	0.0	111.74412	0.0	0.0	0.0	0.0	0.0	0.0	0.0	119.94096	0.0	108.49209	106.52463	0.0	0.0	0.0	0.0	111.49766	0.0	114.59897	0.0	1.0337431	0.0	0.0	0.0	0.0	0.0	0.0	104.215324	0.0	106.71895	0.0	0.0	0.0	0.0	0.0	0.0	346.92484	0.0	0.0	0.0	2.5281231	0.0	0.0	0.0	0.0	0.0	0.0	0.0	108.429985	0.0	0.0	0.0	104.89184	0.0	0.0	0.0	111.655426	0.0	111.22908	0.0	113.396866	0.0	0.0	0.0	110.44654	2.2681375	0.0	0.0	119.18802	0.0	0.0	0.0	0.0	0.0	0.0	0.0	0.0	0.0	0.0
A[C>A]T	498.53476	0.0	0.0	0.0	0.0	14.907031	563.3332	0.0	0.0	0.0	516.9166	0.0	0.52034754	546.04785	0.0	0.0	469.7232	0.0	0.0	0.0	0.0	519.5494	0.0	0.0	0.0	0.0	0.0	0.0	0.0	594.97266	0.0	515.7842	504.8634	0.0	0.0	0.0	0.0	489.0942	0.0	553.1588	0.0	0.0	0.0	0.4440719	0.0	0.0	0.0	0.0	464.03107	0.0	508.768	0.0	0.0	0.0	0.0	7.310981	0.0	1645.7167	0.0	0.0	0.0	0.6555514	0.0	0.0	0.0	0.0	0.0	0.0	0.0	531.9889	0.0	0.0	12.319449	508.87943	0.0	0.0	0.0	515.8273	0.0	529.39136	0.0	497.41348	0.0	0.0	0.0	508.26273	42.906006	0.0	2.7336466	568.6555	0.0	0.0	0.0	0.0	0.0	0.0	0.0	0.0	0.0	0.0
C[C>A]A	520.4606	0.0	0.0	0.0	0.0	36.19314	627.3602	0.0	0.0	15.232999	547.1614	0.0	0.0	599.58264	0.0	0.0	506.58188	0.0	0.0	0.0	0.0	529.94995	0.0	0.0	0.0	0.0	0.0	0.0	0.0	655.8207	16.539433	552.40265	530.34296	0.0	0.0	0.0	0.0	511.5851	0.0	621.05237	0.0	0.0	0.0	19.463236	0.0	0.0	0.0	0.0	473.33807	0.0	524.45715	0.0	0.0	0.0	0.0	34.45701	0.0	1747.6395	0.0	0.0	0.0	0.0	0.0	0.0	0.0	0.0	10.554838	0.0	4.294936	584.7439	18.354124	0.0	17.516802	551.2689	0.0	0.0	0.0	567.7784	0.0	592.4727	0.0	516.00726	0.0	10.863576	0.0	541.24036	62.86778	0.0	0.0	619.4523	0.0	0.0	0.0	0.0	0.0	0.0	0.0	0.0	0.0	0.0
C[C>A]C	403.731	0.0	0.0	0.0	0.0	86.327255	570.69324	0.0	0.0	70.13474	455.19244	0.0	0.0	508.51355	0.0	0.0	371.69644	0.0	24.282124	0.0	0.0	382.79895	0.0	0.0	0.0	0.0	32.32201	0.0	30.880674	579.2354	41.855476	449.31387	391.4146	0.0	17.92817	0.0	0.0	359.24448	0.0	560.5459	0.0	0.0	0.0	69.009964	0.0	0.0	0.0	0.0	323.43927	0.0	419.9609	0.0	0.0	0.0	0.0	78.64087	0.0	1374.9402	1.5194278	0.0	0.0	0.0	0.0	0.0	0.0	0.0	82.24518	0.0	40.96649	530.57245	39.14353	0.0	27.691784	458.33746	0.0	0.0	0.0	478.5491	0.0	507.99908	0.0	377.73135	0.0	61.221603	33.05971	409.52335	101.89369	48.83214	0.0	518.89594	0.0	8.17032	0.0	0.0	0.0	0.0	0.0	0.0	0.0	0.0
C[C>A]G	92.69467	0.0	0.0	0.0	0.0	12.2252035	116.88113	0.0	0.0	7.0221567	99.28644	0.0	0.0	109.18658	0.0	0.0	87.7444	0.0	4.1514506	0.0	0.0	86.743706	0.0	0.0	0.0	0.0	1.5598541	0.0	0.0	119.2986	2.78314	99.08851	90.91427	0.0	0.0	0.0	0.0	84.8911	0.0	114.53763	0.0	0.0	0.0	6.4902163	0.0	0.0	0.0	0.0	78.9775	0.0	94.64724	0.0	0.0	0.0	0.0	6.7616496	0.0	301.72235	0.0	0.0	0.0	0.0	0.0	0.0	0.0	0.0	7.264923	0.84496	4.891229	108.207985	5.7746997	0.0	3.7782257	98.56831	0.0	0.0	0.0	100.002235	0.0	110.56128	0.0	88.524315	0.0	5.3002586	1.8376381	91.00673	13.709439	2.4147077	0.0	108.631134	0.0	0.0	0.0	0.0	0.0	0.0	0.0	0.0	0.0	0.0
C[C>A]T	511.56058	0.0	14.950982	0.0	0.0	213.00943	870.74945	0.0	40.19579	192.96056	622.6816	0.0	0.0	736.2146	0.0	0.0	461.29114	35.30849	106.2402	40.426495	0.0	407.4788	0.0	39.06018	4.0429006	0.0	142.90642	8.029697	147.41498	871.93634	82.56015	614.396	476.1302	0.0	108.53094	114.00161	0.0	376.72574	0.0	843.3259	0.0	0.0	0.0	140.10452	0.0	0.0	0.0	0.0	335.35367	0.0	521.33026	7.822766	0.0	0.0	0.0	198.14252	0.0	1779.8861	81.230125	0.0	0.0	0.0	0.0	0.0	0.0	0.0	224.34456	21.883614	141.55843	800.8703	106.700386	0.0	72.79642	653.2152	0.0	0.0	0.0	677.0795	55.68434	758.9058	0.0	435.06528	17.619318	194.54556	112.989204	472.48682	229.60948	123.865204	0.0	707.704	0.0	103.27241	0.0	0.0	0.0	0.0	0.0	0.0	0.0	63.52272
G[C>A]A	519.48865	0.0	0.0	0.0	0.0	3.7448447	556.2188	0.0	0.0	0.0	508.94418	0.0	13.685673	544.7595	0.0	0.0	508.7407	0.0	0.0	0.0	0.0	521.6478	0.0	0.0	0.0	0.0	0.0	0.0	0.0	593.18475	0.0	535.4418	522.1072	0.0	0.0	0.0	0.0	509.51157	0.0	553.0625	0.0	0.0	0.0	0.0	0.0	0.0	0.0	0.0	496.4865	0.0	502.4996	0.0	0.0	0.0	0.0	0.0	0.0	1683.1881	0.0	0.0	0.0	5.9568477	0.0	0.0	0.0	0.0	0.0	2.1661525	0.0	516.77997	11.3727455	0.0	0.0	494.6833	0.0	0.0	0.0	500.04898	0.0	534.1849	0.0	505.12332	0.0	0.0	0.0	503.61728	30.459732	0.0	0.0	582.52747	0.0	0.0	0.0	0.0	0.0	0.0	0.0	0.0	0.0	0.0
G[C>A]C	295.3563	0.0	0.0	0.0	0.0	14.238836	350.07336	0.0	0.0	1.7687811	308.41272	0.0	0.0	331.27914	0.0	0.0	286.26318	0.0	0.0	0.0	0.0	309.37164	0.0	0.0	0.0	0.0	0.0	0.0	0.0	362.26404	4.4743557	319.75214	290.9118	0.0	0.0	0.0	0.0	294.742	0.0	336.29828	0.0	0.0	0.0	13.463077	0.0	0.0	0.0	0.0	280.78104	0.0	300.50897	0.0	0.0	0.0	0.0	9.639476	0.0	977.20355	0.0	0.0	0.0	0.0	0.0	0.0	0.0	0.0	0.04110922	0.0	0.0	327.0012	5.23288	0.0	9.581174	301.06946	0.0	0.0	0.0	316.00055	0.0	329.3009	0.0	291.08124	0.0	0.0	0.0	304.7934	28.7259	0.0	0.0	344.27106	0.0	0.0	0.0	0.0	0.0	0.0	0.0	0.0	0.0	0.0
G[C>A]G	75.91188	0.0	0.0	0.0	0.0	2.1183589	88.06431	0.0	0.0	0.0	80.82015	0.0	0.0	86.0452	0.0	0.0	73.93556	0.0	0.0	0.0	0.0	80.1597	0.0	0.0	0.0	0.0	0.0	0.0	0.0	90.434746	0.0	81.049034	75.72709	0.0	0.0	0.0	0.0	78.18846	0.0	83.88954	0.0	0.58231336	0.34347767	1.0909253	0.0	0.0	0.0	0.0	75.909134	0.0	73.89574	0.0	0.0	0.0	0.0	1.190307	0.0	250.7854	0.0	0.0	0.0	0.0	0.0	0.0	0.0	0.0	0.0	0.61094415	0.0	81.65047	0.0	0.0	1.7282972	74.28386	0.0	0.0	0.0	82.463295	0.0	79.857666	0.0	77.92781	0.0	0.0	0.0	78.278915	2.5641556	0.0	0.0	87.5812	0.0	0.0	0.0	0.0	0.0	0.0	0.0	0.0	0.0	0.0
G[C>A]T	367.9325	0.0	0.0	0.0	0.0	49.389397	446.02655	0.0	0.0	28.545664	382.52658	0.0	7.1188025	409.88748	0.0	0.0	351.27737	0.0	0.0	0.0	0.0	348.79938	0.0	0.0	0.0	0.0	0.0	0.0	0.0	464.42523	15.3295765	397.662	354.1612	0.0	0.0	0.0	0.0	326.57532	0.0	443.94702	0.0	0.0	0.0	17.091133	0.0	0.0	0.0	0.0	317.26648	0.0	357.77902	0.0	0.0	0.0	0.0	37.146008	0.0	1196.2135	0.0	0.0	0.0	0.0	0.0	0.0	0.0	0.0	26.551073	3.7281065	33.835186	416.42404	30.750866	0.0	8.104313	379.1194	0.0	0.0	0.0	374.0777	0.0	414.93253	0.0	328.74872	0.0	15.757415	18.482014	348.1794	55.898342	8.982092	0.0	435.68655	0.0	0.0	0.0	0.0	0.0	0.0	0.0	0.0	0.0	0.0
T[C>A]A	609.7909	0.0	0.0	0.0	0.0	0.0	668.1887	0.0	0.0	0.0	613.2308	0.0	2.887463	655.15955	0.0	0.0	597.1949	0.0	0.0	0.0	0.0	641.52826	0.0	0.0	0.0	0.0	0.0	0.0	0.0	706.2556	0.0	628.1472	626.4688	0.0	0.0	0.0	0.0	619.809	0.0	672.10114	0.0	0.0	0.0	0.0	0.0	0.0	0.0	0.0	593.18286	0.0	607.26245	0.0	0.0	0.0	0.0	0.0	0.0	2022.8304	0.0	0.0	0.0	0.0	0.0	0.0	0.0	0.0	0.0	0.0	0.0	618.4068	0.0	0.0	0.0	602.8097	0.0	0.0	0.0	604.7006	0.0	643.8655	0.0	611.4047	0.0	0.0	0.0	624.5315	37.500572	0.0	0.0	709.432	0.0	0.0	0.0	0.0	0.0	0.0	0.0	0.0	0.0	0.0
T[C>A]C	569.28864	0.0	0.0	0.0	0.0	7.166652	638.4942	0.0	0.0	0.0	589.74384	0.0	0.0	612.3502	0.0	0.0	550.798	0.0	0.0	0.0	0.0	603.3297	0.0	0.0	0.0	0.0	0.0	0.0	0.0	672.9387	0.0	597.32275	579.3348	0.0	0.0	0.0	0.0	582.0162	0.0	626.813	0.0	0.0	0.0	1.1636337	0.0	0.0	0.0	0.0	553.01306	0.0	580.6857	0.0	0.0	0.0	0.0	0.0	0.0	1878.877	0.0	0.0	0.0	4.12583	0.0	0.0	0.0	0.0	0.0	0.0	0.0	588.85535	0.0	0.0	1.7953506	573.58545	0.0	0.0	0.0	583.30304	0.0	604.87	0.0	583.4571	0.0	0.0	0.0	580.0853	25.979122	0.0	0.0	666.56024	0.0	0.0	0.0	0.0	0.0	0.0	0.0	0.0	0.0	0.0
T[C>A]G	95.11604	0.0	0.0	0.0	0.0	0.0	98.27229	0.0	0.0	0.0	93.89706	0.0	0.0	97.95291	0.0	0.0	89.00755	0.0	0.0	0.0	0.0	94.486946	0.0	0.0	0.0	0.0	0.0	0.0	0.0	106.121796	0.0	96.21178	94.46847	0.0	0.0	0.0	0.0	98.11971	0.0	100.887085	0.0	0.0	0.0	0.0	0.0	0.0	0.0	0.0	92.472786	0.0	93.92784	0.0	0.0	0.0	0.0	0.0	0.0	307.37128	0.0	0.0	0.0	0.0	0.0	0.0	0.0	0.0	0.0	0.0	0.0	92.613174	0.0	0.0	0.37618417	92.0285	0.0	0.0	0.0	94.37992	0.0	96.33071	0.0	96.764755	0.0	0.0	0.0	96.06611	4.992969	0.0	0.10800788	105.3888	0.0	0.0	0.0	0.0	0.0	0.0	0.0	0.0	0.0	0.0
T[C>A]T	820.02515	0.0	0.0	0.0	0.0	53.05284	940.9642	0.0	0.0	9.321441	845.84143	0.0	0.0	908.0337	0.0	0.0	807.3135	0.0	0.0	0.0	0.0	819.6161	0.0	0.0	0.0	0.0	0.0	0.0	0.0	1005.4298	0.8654215	876.4643	847.54553	0.0	0.0	0.0	0.0	797.83276	0.0	952.7689	0.0	0.0	0.0	6.323536	0.0	0.0	0.0	0.0	756.5508	0.0	819.1189	0.0	0.0	0.0	0.0	1.7635125	0.0	2736.2717	0.0	0.0	0.0	3.8004518	0.0	0.0	0.0	0.0	0.0	8.044708	37.8371	888.77325	35.062237	0.0	10.8946905	830.57275	0.0	0.0	0.0	829.31305	0.0	899.6639	0.0	792.0907	0.0	0.0	2.9622245	815.58154	91.84937	0.0	0.0	957.88916	0.0	0.0	0.0	0.0	0.0	0.0	0.0	0.0	0.0	0.0
A[C>G]A	274.62634	0.0	0.0	0.0	0.0	2.8454487	309.74722	0.0	0.0	0.0	280.83194	0.0	0.0	301.17325	0.0	0.0	263.5542	0.0	0.0	0.0	0.0	291.51755	0.0	0.0	0.0	0.0	0.0	0.0	0.0	328.91766	6.83149	283.35126	281.17566	0.0	0.0	0.0	0.0	270.84384	0.0	303.81915	0.0	0.0	0.0	2.7206743	0.0	0.0	0.0	0.0	251.96289	0.0	275.34546	0.0	0.0	0.0	0.0	4.5093613	0.0	903.8013	0.0	0.0	0.0	5.8489366	0.0	0.0	0.0	0.0	0.0	0.0	0.0	292.53436	0.0	0.0	4.402534	271.72382	0.0	0.0	0.0	281.79703	0.0	290.93768	0.0	266.89114	0.0	0.0	0.0	280.42755	31.087093	0.0	1.73034	314.1385	0.0	0.0	0.0	0.0	0.0	0.0	0.0	0.0	0.0	0.0
A[C>G]C	167.92395	0.0	0.0	0.0	0.0	0.0	188.37701	0.0	0.0	0.0	176.11882	0.0	0.0	182.32266	0.0	0.0	163.04666	0.0	0.0	0.0	0.0	178.26434	0.0	0.0	0.0	0.0	0.0	0.0	0.0	200.49304	1.6051468	171.30287	176.73608	0.0	0.0	0.0	0.0	172.13174	0.0	187.0597	0.0	0.0	0.5612251	4.3560185	0.0	0.0	0.0	0.0	158.64369	0.0	172.08199	0.0	0.0	0.0	0.0	0.0	0.0	558.5662	0.0	0.0	0.0	1.1675295	0.0	0.0	0.0	0.0	0.0	0.0	0.0	172.76181	0.0	0.0	2.3728175	168.71129	0.0	0.0	0.0	175.4516	0.0	180.02774	0.0	170.21883	0.0	0.0	0.0	178.47844	15.276019	0.0	0.0	191.48862	0.0	0.0	0.0	0.0	0.0	0.0	0.0	0.0	0.0	0.0
A[C>G]G	52.532146	0.0	0.0	0.0	0.0	0.0	58.58253	0.0	0.0	0.0	52.68425	0.0	0.74909145	56.00971	0.0	0.0	51.240635	0.0	0.0	0.0	0.0	53.73214	0.0	0.0	0.0	0.0	0.0	0.0	0.0	58.713028	1.7596952	51.436337	55.92281	0.0	0.0	0.0	0.0	55.06234	0.0	56.2237	0.0	0.0	0.0	0.0	0.0	0.0	0.0	0.0	47.231033	0.0	51.577232	0.0	0.0	0.0	0.0	0.0	0.0	170.60408	0.0	0.0	0.0	0.9566568	0.0	0.0	0.0	0.0	0.0	0.0	0.0	52.9382	0.0	0.0	0.0	50.519028	0.0	0.0	0.0	52.3444	0.0	56.20344	0.0	52.296734	0.0	0.0	0.0	54.956	2.6290698	0.0	0.0	57.2708	0.0	0.0	0.0	0.0	0.0	0.0	0.0	0.0	0.0	0.0
A[C>G]T	293.89023	0.0	0.0	0.0	0.0	4.069534	313.4469	0.0	0.0	0.0	302.28415	0.0	0.0	316.3497	0.0	0.0	274.34036	0.0	0.0	0.0	0.0	310.25708	0.0	0.0	0.0	0.0	0.0	0.0	0.0	354.46942	9.129167	308.12637	300.93842	0.0	0.0	0.0	0.0	294.35208	0.0	325.85233	0.0	0.0	0.0	2.7213957	0.0	0.0	0.0	0.0	274.0385	0.0	295.94272	0.0	0.0	0.0	0.0	0.0	0.0	958.2662	0.0	0.0	0.0	2.7813995	0.0	0.0	0.0	0.0	0.0	0.0	0.0	308.18582	1.9619004	0.0	0.36754316	298.51492	0.0	0.0	0.0	293.70953	0.0	304.44818	0.0	287.72537	0.0	0.0	0.0	296.86676	39.28033	0.0	0.0	339.1621	0.0	0.0	0.0	0.0	0.0	0.0	0.0	0.0	0.0	0.0
C[C>G]A	145.6998	0.0	0.0	0.0	0.0	0.0	156.74217	0.0	0.0	0.0	150.43665	0.0	0.6499973	153.23224	0.0	0.0	140.34564	0.0	0.0	0.0	0.0	160.1649	0.0	0.0	0.0	0.0	0.0	0.0	0.0	166.76376	4.438018	145.56584	148.73051	0.0	0.0	0.0	0.0	149.06363	0.0	158.43752	0.0	0.03593707	0.74295074	0.0	0.0	0.0	0.0	0.0	137.17168	0.0	146.36699	0.0	0.0	0.0	0.0	0.0	0.0	480.74283	0.0	0.0	1.6101521	3.4165936	0.0	0.0	0.0	0.0	0.0	0.0	0.0	149.19955	0.55620754	0.0	5.383448	147.52687	0.0	0.0	5.3741283	146.46425	0.0	152.82405	0.0	149.53654	0.0	0.0	0.0	156.02896	8.799168	0.0	1.1135986	167.39078	0.0	0.0	0.0	0.0	0.0	0.0	0.0	0.0	0.0	0.0
C[C>G]C	155.08733	0.0	0.0	0.0	0.0	0.0	172.64056	0.0	0.0	0.0	159.70488	0.0	0.0	166.9906	0.0	0.0	142.49666	0.0	0.0	0.0	0.0	163.28255	0.0	0.0	0.0	0.0	0.0	0.0	0.0	181.44092	8.947409	160.2051	154.98682	0.0	0.0	0.0	0.0	159.1956	0.0	174.20474	0.0	0.0	0.0	5.167576	0.0	0.0	0.0	0.0	143.58498	0.0	160.59186	0.0	0.0	0.0	0.0	0.0	0.0	506.68304	0.0	0.0	0.0	4.716289	0.0	0.0	0.0	0.0	0.0	0.0	0.0	159.28638	1.2316839	0.0	5.1030993	153.96716	0.0	0.0	0.0	161.88869	0.0	166.59756	0.0	158.67117	0.0	0.0	0.0	164.38399	9.916107	0.0	0.0	175.20276	0.0	0.0	0.0	0.0	0.0	0.0	0.0	0.0	0.0	0.0
C[C>G]G	84.94112	0.0	0.0	0.0	0.0	0.0	95.39301	0.0	0.0	0.0	86.865105	0.0	0.0	91.00442	0.0	0.0	80.03352	0.0	0.0	0.0	0.0	90.3509	0.0	0.0	0.0	0.0	0.0	0.0	0.0	97.82982	0.0	87.76698	87.445244	0.0	0.0	0.0	0.0	90.66399	0.0	90.27592	0.0	0.0	0.0	0.72578245	0.0	0.0	0.0	0.0	81.32027	0.0	86.3685	0.0	0.0	0.0	0.0	0.0	0.0	279.28387	0.0	0.0	0.0	3.259553	0.0	0.0	0.0	0.0	0.0	0.0	0.0	85.61398	0.8332844	0.0	0.0	83.61595	0.0	0.0	0.0	88.00608	0.0	90.88023	0.0	92.34138	0.0	0.0	0.0	90.154755	3.480437	0.0	0.0	98.48665	0.0	0.0	0.0	0.0	0.0	0.0	0.0	0.0	0.0	0.0
C[C>G]T	232.89427	0.0	0.0	0.0	0.0	0.0	252.46414	0.0	0.0	0.0	246.65099	0.0	0.0	256.2561	0.0	0.0	221.53703	0.0	0.0	0.0	0.0	256.42114	0.0	0.0	0.0	0.0	0.0	0.0	0.0	269.75327	4.7989616	241.41196	238.11752	0.0	0.0	0.0	0.0	240.40323	0.0	251.7292	0.0	0.0	0.6982295	0.0	0.0	0.0	0.0	0.0	226.84164	0.0	246.50076	0.0	0.0	0.0	0.0	0.0	0.0	773.87366	0.0	0.0	0.0	1.7730228	0.0	0.0	0.0	0.0	0.0	0.0	0.0	239.98682	0.0	0.0	0.0	236.0301	0.0	0.0	0.0	239.35178	0.0	247.56017	0.0	237.90244	0.0	0.0	0.0	246.21515	16.252123	0.0	3.7788398	270.15933	0.0	0.0	0.0	0.0	0.0	0.0	0.0	0.0	0.0	0.0
G[C>G]A	105.92888	0.0	0.0	0.0	0.0	0.0	116.74511	0.0	0.0	0.0	106.802795	0.0	0.0	115.11107	0.0	0.0	100.59026	0.0	0.0	0.0	0.0	112.51808	0.0	0.0	0.0	0.0	0.0	0.0	0.0	124.62314	1.8030419	108.02273	108.235435	0.0	0.0	0.0	0.0	110.83392	0.0	119.193855	0.0	0.0	0.0	0.5156871	0.0	0.0	0.0	0.0	101.459755	0.0	104.57684	0.0	0.0	0.0	0.0	0.0	0.0	353.50116	0.0	0.0	0.0	3.9812853	0.0	0.0	0.0	0.0	0.0	0.0	0.0	110.53243	0.0	0.0	2.7874649	107.01088	0.0	0.0	0.0	108.70528	0.0	111.32729	0.0	111.43476	0.0	0.0	0.0	111.40536	11.210669	0.0	2.927561	119.951164	0.0	0.0	0.0	0.0	0.0	0.0	0.0	0.0	0.0	0.0
G[C>G]C	145.39676	0.0	0.0	0.0	0.0	4.8962092	165.44702	0.0	0.0	0.0	150.28514	0.0	0.0	160.48112	0.0	0.0	139.29922	0.0	0.0	0.0	0.0	151.52582	0.0	0.0	0.0	0.0	0.0	0.0	0.0	177.64789	2.8683355	153.66502	147.32178	0.0	0.0	0.0	0.0	144.54196	0.0	165.0928	0.0	0.0	0.0	0.67775476	0.0	0.0	0.0	0.0	131.62068	0.0	148.58601	0.0	0.0	0.0	0.0	3.6881258	0.0	481.8562	0.0	0.0	0.0	0.0	0.0	0.0	0.0	0.0	0.0	0.0	0.0	158.40909	0.0	0.0	5.325502	155.00404	0.0	0.0	0.0	151.36389	0.0	157.1842	0.0	145.84326	0.0	0.0	0.0	151.79974	15.210269	0.0	0.0	168.86383	0.0	0.0	0.0	0.0	0.0	0.0	0.0	0.0	0.0	0.0
G[C>G]G	33.439953	0.0	0.0	0.0	0.0	0.23132387	37.02369	1.1726359	0.0	0.0	34.121674	0.0	0.0	34.54665	0.0	0.0	31.001177	0.0	0.27392182	0.0	0.0	34.26148	0.0	0.0	0.44598642	0.0	0.0	0.0	0.0	40.251667	0.83576816	32.64447	31.992664	0.0	0.0	0.0	0.0	34.69915	0.0	37.781	0.0	0.0	0.0	0.0	0.0	0.0	0.0	0.0	28.381632	0.0	33.829334	0.0	0.0	0.0	0.0	0.6470616	0.0	108.70046	0.0	0.0	0.0	0.14520082	0.0	0.0	0.0	0.0	0.0	0.0	0.0	36.41938	1.1921531	0.0	1.7376916	33.031654	0.0	0.0	0.0	33.51543	0.0	37.266598	0.0	35.36003	0.0	0.0	0.0	30.685959	1.5198724	0.6448732	0.0	38.784267	0.0	0.0	0.0	0.0	1.1457323	0.0	0.0	0.0	0.0	0.0
G[C>G]T	153.41295	0.0	0.0	0.0	0.0	0.7940214	169.72742	0.0	0.0	0.0	155.95265	0.0	0.0	164.92595	0.0	0.0	141.68251	0.0	0.0	0.0	0.0	165.72559	0.0	0.0	0.0	0.0	0.0	0.0	0.0	182.74573	8.452067	156.37419	157.24393	0.0	0.0	0.0	0.0	151.47015	0.0	164.65485	0.0	2.9344032	0.0	6.463392	0.0	0.0	0.0	0.0	142.5825	0.0	154.06125	0.0	0.0	0.0	0.0	0.0	0.0	499.49475	0.0	0.0	0.0	6.505707	0.0	0.0	0.0	0.0	0.0	0.0	0.0	158.71144	3.1339345	0.0	1.710877	154.4354	0.0	0.0	0.0	155.1314	0.0	163.31825	0.0	150.28069	0.0	0.0	0.0	160.56012	17.032417	0.0	0.98677754	176.12158	0.0	0.0	0.0	0.0	0.0	0.0	0.0	0.0	0.0	0.0
T[C>G]A	290.58438	0.0	0.0	0.0	0.0	0.0	332.44827	19.977726	0.0	0.0	313.96564	0.0	0.0	349.92606	0.0	0.0	339.05765	0.0	0.0	0.0	0.0	354.1535	0.0	0.0	0.0	0.0	0.0	0.0	0.0	368.77484	0.0	297.49847	325.34827	0.0	0.0	0.0	0.0	335.84262	0.0	365.77676	0.0	22.340652	0.0	16.556679	0.0	0.0	0.0	0.0	313.2932	0.0	294.48593	0.0	0.0	0.0	0.0	0.0	0.0	1064.9358	0.0	0.0	0.0	0.0	0.0	0.0	0.0	0.0	0.0	0.0	0.0	311.89285	0.0	0.0	5.3376956	324.5727	0.0	0.0	7.6373324	327.10263	0.0	345.97397	0.0	338.66464	0.0	3.1793218	0.0	366.45956	25.612028	0.0	6.284241	382.71313	0.0	0.0	0.0	0.0	9.97401	0.0	0.0	0.0	0.0	0.0
T[C>G]C	231.33842	0.0	0.0	0.0	0.0	0.0	253.96027	1.0624394	0.0	0.0	244.90242	0.0	0.0	253.31906	0.0	0.0	234.23682	0.0	0.0	0.0	0.0	270.35217	0.0	0.0	0.0	0.0	0.0	0.0	0.0	277.37274	2.982219	238.28316	242.07674	0.0	0.0	0.0	0.0	250.35614	0.0	260.62396	0.0	10.283316	0.0	6.728852	0.0	0.0	0.0	0.0	228.21153	0.0	232.04762	0.0	0.0	0.0	0.0	0.0	0.0	789.58575	0.0	0.0	0.0	8.682147	0.0	0.0	0.0	0.0	0.0	0.0	0.0	236.63882	0.0	0.0	2.9130979	238.4149	0.0	0.0	0.0	251.52351	0.0	259.11578	0.0	247.957	0.0	0.0	0.0	260.7844	15.443883	0.0	0.0	276.00568	0.0	0.0	0.0	0.0	5.126249	0.0	0.0	0.0	0.0	0.0
T[C>G]G	49.653015	0.0	0.0	0.0	0.0	0.0	54.463276	0.36104152	0.0	0.0	48.654175	0.0	0.0	52.786335	0.0	0.0	49.187325	0.0	0.0	0.0	0.0	50.59401	0.0	0.0	0.0	0.0	0.0	0.0	0.0	57.609623	0.0	50.04441	52.554222	0.0	0.0	0.0	0.0	52.28567	0.0	52.884003	0.0	2.291719	0.0	0.7798822	0.0	0.0	0.0	0.0	48.346935	0.0	50.03439	0.0	0.0	0.0	0.0	0.0	0.0	167.93227	0.0	0.0	0.0	0.0	0.0	0.0	0.0	0.0	0.0	0.13861951	0.0	49.98503	0.0	0.0	0.0	50.291557	0.0	0.0	0.0	51.045948	0.0	52.64826	0.0	53.943947	0.0	0.0	0.0	54.75088	0.3884785	0.0	0.0	57.570168	0.0	0.0	0.0	0.0	0.0	0.0	0.0	0.0	0.0	0.0
T[C>G]T	571.8739	0.0	0.0	0.0	0.0	0.0	639.9227	22.685171	0.0	0.0	622.9268	0.0	0.0	662.7591	0.0	0.0	630.4	0.0	0.0	0.0	0.0	672.9539	0.0	0.0	0.0	0.0	0.0	0.0	0.0	725.69366	0.0	587.07855	623.7893	0.0	0.0	0.0	0.0	631.60077	0.0	694.95715	0.0	18.318739	0.0	22.53381	0.0	0.0	0.0	0.0	588.6365	0.0	591.91516	0.0	0.0	0.0	0.0	0.0	0.0	2036.9468	0.0	0.0	0.0	0.0	0.0	0.0	0.0	0.0	0.0	0.0	0.0	631.32697	0.0	0.0	0.0	625.1914	0.0	0.0	0.0	622.4644	0.0	652.03125	0.0	627.7996	0.0	0.0	0.0	667.1084	51.319115	0.0	0.0	723.9564	0.0	0.0	0.0	0.0	0.0	0.0	0.0	0.0	0.0	0.0
A[C>T]A	970.3007	0.0	0.0	0.0	0.0	293.38058	1450.6987	0.0	0.0	199.7639	1153.5621	0.0	0.0	1265.2142	0.0	0.0	905.4048	0.0	98.1143	0.0	0.0	831.58966	0.0	19.711899	17.2397	0.0	161.98584	0.0	128.64642	1465.4738	82.00112	1121.0187	912.8439	0.0	60.252594	79.37261	0.0	795.3652	0.0	1408.0176	0.0	0.0	0.0	181.87097	0.0	0.0	0.0	0.0	756.8162	0.0	1006.1871	0.0	0.0	0.0	0.0	201.62946	0.0	3284.6897	45.128654	0.0	0.0	0.0	0.0	0.0	0.0	0.0	286.8569	17.496962	198.14233	1369.1667	134.65889	0.0	80.67951	1112.294	0.0	0.0	0.0	1150.8561	0.0	1271.392	0.0	880.797	0.0	267.1414	137.95958	923.8889	262.1311	155.11107	0.0	1247.3888	0.0	89.028824	0.0	0.0	0.0	0.0	0.0	0.0	0.0	52.46351
A[C>T]C	440.65244	0.0	0.0	0.0	0.0	56.66536	568.4731	0.0	0.0	31.348665	488.602	0.0	0.0	525.7412	0.0	0.0	426.77115	0.0	6.775	0.0	0.0	414.1269	0.0	0.0	0.0	0.0	8.776037	0.0	0.0	581.7741	12.026505	474.971	436.2092	0.0	0.0	0.0	0.0	409.88315	0.0	548.5051	0.0	0.0	0.0	33.882904	0.0	0.0	0.0	0.0	398.1161	0.0	453.0856	0.0	0.0	0.0	0.0	32.17403	0.0	1480.8406	0.0	0.0	0.0	0.0	0.0	0.0	0.0	0.0	46.01195	0.0	36.78719	525.8137	20.847244	0.0	17.775713	459.59286	0.0	0.0	0.0	477.1732	0.0	509.08826	0.0	420.32507	0.0	51.826607	14.772906	433.03165	68.34794	33.46564	0.0	527.4292	0.0	0.0	0.0	0.0	0.0	0.0	0.0	0.0	0.0	0.0
A[C>T]G	2558.1033	0.0	0.0	0.0	0.0	501.8332	2985.8184	8.962645	0.0	0.0	2834.33	0.0	95.853966	2671.6277	0.0	9.215276	2673.0342	0.0	0.0	0.0	0.0	2401.1047	0.0	0.0	135.63718	0.0	33.41479	0.0	0.0	3044.4995	0.0	2811.2432	2356.6838	0.0	0.0	0.0	0.0	2161.8257	0.0	2911.428	0.0	0.0	0.0	151.04823	0.0	0.0	0.0	0.0	2343.281	0.0	2505.1252	0.0	0.0	131.59798	0.0	7.166007	0.0	8027.087	0.0	0.0	104.32088	0.0	0.0	0.0	0.0	0.0	297.13467	0.0	359.18542	2919.884	266.33536	0.0	0.0	2391.9985	0.0	0.0	0.0	2408.9395	0.0	2677.7104	0.0	2392.0906	0.0	307.94733	208.81827	2436.8196	26.128849	14.74934	15.567426	3058.8105	0.0	0.0	0.0	0.0	2.3121665	0.0	0.0	0.0	0.0	0.0
A[C>T]T	576.358	0.0	0.0	0.0	0.0	63.058617	739.53125	0.0	0.0	32.69163	630.2374	0.0	0.0	691.73175	0.0	0.0	552.6809	0.0	0.0	0.0	0.0	547.87506	0.0	0.0	0.0	0.0	2.8721774	0.0	0.0	758.28766	13.287974	618.193	573.85846	0.0	0.0	0.0	0.0	546.72266	0.0	715.52026	0.0	0.0	0.0	32.50185	0.0	0.0	0.0	0.0	522.401	0.0	598.71765	0.0	0.0	0.0	0.0	42.63023	0.0	1940.3446	0.0	0.0	0.0	0.0	0.0	0.0	0.0	0.0	27.83613	0.0	25.630796	685.6015	26.609148	0.0	12.0665455	603.38446	0.0	0.0	0.0	616.5209	0.0	662.59894	0.0	559.82196	0.0	47.707645	10.841907	568.3334	91.99805	36.407097	0.0	696.42883	0.0	0.0	0.0	0.0	0.0	0.0	0.0	0.0	0.0	0.0
C[C>T]A	545.2184	0.0	0.0	0.0	0.0	22.306852	646.3652	0.0	0.0	0.0	579.182	0.0	0.0	617.79785	0.0	0.0	549.8043	0.0	0.0	0.0	0.0	548.8128	0.0	0.0	0.0	0.0	0.0	0.0	0.0	674.38635	0.0	571.02563	551.7562	0.0	0.0	0.0	0.0	536.84644	0.0	648.761	0.0	0.0	0.0	16.736734	0.0	0.0	0.0	0.0	519.9379	0.0	560.9846	0.0	0.0	0.0	0.0	7.011834	0.0	1825.2244	0.0	0.0	0.0	0.0	0.0	0.0	0.0	0.0	0.0	0.0	7.6562314	612.0415	0.0	0.0	0.0	556.9821	0.0	0.0	0.0	572.61725	0.0	606.64746	0.0	561.46436	0.0	21.864613	0.0	569.88837	43.46932	2.936231	0.0	647.6316	0.0	0.0	0.0	0.0	0.0	0.0	0.0	0.0	0.0	0.0
C[C>T]C	508.59158	0.0	0.0	0.0	0.0	40.374493	621.31915	0.0	0.0	16.066015	551.92017	0.0	0.0	593.2088	0.0	0.0	507.28693	0.0	0.0	0.0	0.0	499.86023	0.0	0.0	0.0	0.0	0.0	0.0	0.0	648.346	0.0	548.3769	507.3589	0.0	0.0	0.0	0.0	487.05984	0.0	616.49133	0.0	0.0	0.0	26.545872	0.0	0.0	0.0	0.0	475.7063	0.0	517.46564	0.0	0.0	0.0	0.0	18.485655	0.0	1686.9496	0.0	0.0	0.0	0.0	0.0	0.0	0.0	0.0	11.956324	4.3420835	31.355204	590.9565	14.153635	0.0	0.0	525.2011	0.0	0.0	0.0	527.43744	0.0	579.27124	0.0	511.81894	0.0	32.83994	6.5926347	521.4539	60.655575	11.988241	0.0	610.63245	0.0	0.0	0.0	0.0	0.0	0.0	0.0	0.0	0.0	0.0
C[C>T]G	1306.794	0.0	0.0	0.0	0.0	312.2224	1564.7495	0.0	0.0	0.0	1484.3395	0.0	51.704803	1368.9661	0.0	37.8528	1416.8695	0.0	0.0	0.0	0.0	1209.097	0.0	0.0	112.28826	0.0	28.022095	0.0	0.0	1560.9395	0.0	1480.1055	1200.5763	0.0	0.0	0.0	0.0	1069.7812	0.0	1525.1606	0.0	0.0	0.0	105.78499	0.0	0.0	0.0	0.0	1203.933	0.0	1290.5426	0.0	0.0	93.1354	0.0	29.140863	0.0	4114.3877	0.0	0.0	77.362785	0.0	0.0	0.0	0.0	0.0	205.42912	0.0	228.17938	1525.3347	156.65411	0.0	2.5369525	1241.6875	0.0	0.0	0.0	1217.5297	0.0	1391.2708	0.0	1199.2675	0.0	183.68538	149.77304	1258.1426	18.631477	7.5064664	28.86445	1613.5837	0.0	0.0	0.0	0.0	3.9472773	0.0	0.0	0.0	0.0	0.0
C[C>T]T	647.949	0.0	0.0	0.0	0.0	36.396988	768.2327	0.0	0.0	0.0	685.6615	0.0	0.0	735.09753	0.0	0.0	640.45856	0.0	0.0	0.0	0.0	642.45624	0.0	0.0	0.0	0.0	0.0	0.0	0.0	801.707	0.0	678.0904	657.0853	0.0	0.0	0.0	0.0	627.0748	0.0	765.73566	0.0	0.0	0.0	16.63461	0.0	0.0	0.0	0.0	610.9995	0.0	643.4449	0.0	0.0	0.0	0.0	14.052321	0.0	2144.9358	0.0	0.0	0.0	0.0	0.0	0.0	0.0	0.0	0.0	0.0	6.3470497	725.1999	16.282513	0.0	0.0	653.8563	0.0	0.0	0.0	676.38776	0.0	710.0935	0.0	656.89496	0.0	24.130833	5.5794215	675.9635	60.7386	0.6154979	0.0	761.72394	0.0	0.0	0.0	0.0	0.0	0.0	0.0	0.0	0.0	0.0
G[C>T]A	709.2014	0.0	0.0	0.0	0.0	209.107	1021.41156	0.0	0.0	133.59435	826.3267	0.0	0.0	872.6862	0.0	0.0	667.53613	0.0	47.739944	0.0	0.0	613.1693	0.0	0.0	20.775604	0.0	109.05943	0.0	76.076935	1024.6259	52.478405	811.92285	642.9617	0.0	35.487396	38.30841	0.0	564.25757	0.0	976.6658	0.0	0.0	0.0	122.76418	0.0	0.0	0.0	0.0	565.29877	0.0	724.0479	0.0	0.0	0.0	0.0	130.71262	0.0	2323.0576	10.154609	0.0	12.426129	0.0	0.0	0.0	0.0	0.0	201.93285	13.542301	144.35715	946.1088	100.1022	0.0	62.47746	792.3883	0.0	0.0	0.0	803.66394	0.0	907.4111	0.0	643.4897	0.0	175.86606	118.48178	665.556	164.75812	98.160904	0.0	911.4136	0.0	50.639313	0.0	0.0	0.0	0.0	0.0	0.0	0.0	41.62806
G[C>T]C	715.02704	0.0	30.929249	0.0	0.0	301.8957	1080.588	0.0	0.0	171.19035	891.32806	0.0	0.0	896.0143	0.0	0.0	710.14014	0.0	58.844448	0.0	0.0	596.202	0.0	0.0	81.32092	0.0	154.77654	0.0	98.63054	1073.7112	70.36964	859.4512	615.53204	0.0	65.700226	79.282524	0.0	496.92	0.0	1041.571	0.0	0.0	0.0	171.96077	0.0	0.0	0.0	0.0	549.1781	0.0	722.0389	0.0	0.0	0.0	0.0	160.07571	0.0	2325.9016	0.0	0.0	55.84889	0.0	0.0	0.0	0.0	0.0	296.7757	20.108286	224.28587	1017.676	145.59698	0.0	69.937195	809.0511	0.0	0.0	0.0	806.18243	0.0	948.93445	15.776225	617.78296	51.320847	247.67657	171.58537	652.155	165.85992	113.90762	0.0	966.236	0.0	94.122406	0.0	0.0	0.0	0.0	0.0	0.0	0.0	66.81551
G[C>T]G	1847.0068	0.0	0.0	0.0	0.0	536.3152	2297.6992	0.0	0.0	49.588703	2125.9065	0.0	57.97347	1976.5599	0.0	44.701797	1992.4503	0.0	0.0	0.0	0.0	1659.0511	0.0	0.0	187.1544	0.0	142.74298	0.0	0.0	2311.4614	4.781213	2117.6875	1646.5985	0.0	0.0	0.0	0.0	1439.9845	0.0	2241.3257	0.0	0.0	0.0	197.21964	0.0	0.0	0.0	0.0	1654.0133	0.0	1808.4427	0.0	0.0	124.06159	0.0	89.02504	0.0	5793.8066	0.0	0.0	141.39436	0.0	0.0	0.0	0.0	0.0	406.68115	0.0	393.8982	2242.5603	290.14005	0.0	4.3195815	1794.987	0.0	0.0	0.0	1762.0504	0.0	2045.4672	3.949572	1664.388	0.0	314.65497	276.70377	1730.4089	72.79027	55.58285	3.05877	2317.731	0.0	18.66644	0.0	0.0	0.0	0.0	0.0	0.0	0.0	0.0
G[C>T]T	685.9674	0.0	0.0	0.0	0.0	214.7627	961.8918	0.0	0.0	103.31621	798.00024	0.0	0.0	816.7002	0.0	0.0	658.058	0.0	34.507103	0.0	0.0	598.3221	0.0	0.0	33.763294	0.0	94.8538	0.0	49.466385	972.5835	50.362537	787.8745	616.44165	0.0	6.3452873	25.267363	0.0	539.9992	0.0	946.29706	0.0	0.0	0.0	126.91698	0.0	0.0	0.0	0.0	559.40906	0.0	690.951	0.0	0.0	0.0	0.0	114.64593	0.0	2233.435	0.0	0.0	25.947853	0.0	0.0	0.0	0.0	0.0	200.77771	5.1461496	155.18005	917.1836	104.94875	0.0	35.980873	747.8957	0.0	0.0	0.0	757.4439	0.0	853.346	0.0	621.7552	0.0	171.64175	118.221054	636.8784	125.82087	76.80452	0.0	877.1509	0.0	43.612637	0.0	0.0	0.0	0.0	0.0	0.0	0.0	28.255695
T[C>T]A	788.3223	0.0	0.0	0.0	0.0	26.838123	957.7683	10.995626	0.0	0.0	874.9178	0.0	0.0	929.2798	0.0	0.0	865.8241	0.0	0.0	0.0	0.0	891.0826	0.0	0.0	0.0	0.0	0.0	0.0	0.0	991.84515	0.0	840.5487	844.3252	0.0	0.0	0.0	0.0	853.62067	0.0	1001.2936	0.0	6.349842	0.0	49.882988	0.0	0.0	0.0	0.0	795.99786	0.0	827.27313	0.0	0.0	0.0	0.0	0.0	0.0	2802.3557	0.0	0.0	0.0	0.0	0.0	0.0	0.0	0.0	0.0	0.0	0.0	895.61005	0.0	0.0	7.631183	849.8011	0.0	0.0	0.0	887.18726	0.0	932.0283	0.0	890.08044	0.0	22.243176	0.0	920.5332	55.49404	10.219946	0.0	1005.1714	0.0	0.0	0.0	0.0	0.0	0.0	0.0	0.0	0.0	0.0
T[C>T]C	719.65106	0.0	0.0	0.0	0.0	56.549767	849.509	0.0	0.0	0.0	768.4379	0.0	0.0	800.3618	0.0	0.0	706.142	0.0	0.0	0.0	0.0	731.20404	0.0	0.0	0.0	0.0	0.0	0.0	0.0	876.6441	0.0	765.7794	720.09924	0.0	0.0	0.0	0.0	705.5004	0.0	849.963	0.0	0.0	0.0	39.6996	0.0	0.0	0.0	0.0	684.87415	0.0	739.49164	0.0	0.0	0.0	0.0	0.0	0.0	2377.9937	0.0	0.0	0.0	0.0	0.0	0.0	0.0	0.0	0.5145589	0.0	1.4406747	798.1954	19.5543	0.0	0.84291786	729.2022	0.0	0.0	0.0	743.3272	0.0	801.14166	0.0	738.7017	0.0	21.185137	9.549708	738.209	52.91763	13.156538	0.0	851.8029	0.0	0.0	0.0	0.0	0.0	0.0	0.0	0.0	0.0	0.0
T[C>T]G	1015.14404	0.0	0.0	0.0	0.0	186.94061	1153.2313	4.144062	0.0	0.0	1115.1389	0.0	27.880987	1052.3888	0.0	0.0	1065.878	0.0	0.0	0.0	0.0	967.7065	10.103604	0.0	52.602596	0.0	0.0	0.0	0.0	1174.922	0.0	1108.2423	941.62305	0.0	0.0	0.0	0.0	881.7543	0.0	1130.7472	0.0	0.0	0.0	47.69826	0.0	0.0	0.0	0.0	955.20233	0.0	993.61066	0.0	0.0	53.552113	0.0	0.0	0.0	3188.33	0.0	0.0	39.885685	0.0	0.0	0.0	0.0	0.0	92.989044	0.0	131.50159	1134.7142	88.79155	0.0	0.0	928.4956	0.0	0.0	0.0	953.0239	0.0	1050.1086	0.0	959.19073	0.0	105.00058	82.370895	983.0822	2.1530547	0.0	17.483196	1204.6042	0.0	0.0	0.0	0.0	27.554764	0.0	0.0	0.0	0.0	0.0
T[C>T]T	780.69763	0.0	0.0	0.0	0.0	45.309532	919.4437	10.002575	0.0	0.0	844.4445	0.0	0.0	898.452	0.0	0.0	808.2847	0.0	0.0	0.0	0.0	816.5838	0.0	0.0	0.0	0.0	0.0	0.0	0.0	953.7228	1.256137	822.3419	804.15466	0.0	0.0	0.0	0.0	793.59845	0.0	941.4396	0.0	0.0	0.0	37.656876	0.0	0.0	0.0	0.0	771.9073	0.0	792.3316	0.0	0.0	0.0	0.0	0.0	0.0	2664.3032	0.0	0.0	0.0	0.0	0.0	0.0	0.0	0.0	0.0	0.0	0.0	871.1464	0.0	0.0	0.0	812.81287	0.0	0.0	0.0	836.13324	0.0	883.8618	0.0	832.80615	0.0	14.604659	1.4472222	842.9857	60.765896	3.1552622	0.0	951.56995	0.0	0.0	0.0	0.0	0.0	0.0	0.0	0.0	0.0	0.0
A[T>A]A	426.36972	0.0	0.0	0.0	0.0	47.05489	500.2233	0.0	0.0	7.3333435	460.83218	0.0	5.2306437	459.67758	0.0	0.0	421.4275	0.0	0.0	0.0	0.0	426.9399	0.0	0.0	0.0	0.0	0.0	0.0	0.0	513.9584	3.5667393	452.57062	420.3967	0.0	0.0	0.0	0.0	400.5706	0.0	497.37036	0.0	0.0	0.0	15.079401	0.0	0.0	0.0	0.0	403.99536	0.0	427.7618	0.0	0.0	0.0	0.0	6.576441	0.0	1385.0424	0.0	0.0	8.560723	0.0	0.0	0.0	0.0	0.0	17.011927	0.0	11.292545	472.0832	19.872276	0.0	8.908459	426.7441	0.0	0.0	0.0	430.98776	0.0	468.45	0.0	421.35345	0.0	20.22053	17.758127	429.85495	22.737328	0.40474442	0.0	511.88232	0.0	0.0	0.0	0.0	0.0	0.0	0.0	0.0	0.0	0.0
A[T>A]C	275.32455	0.0	0.0	0.0	0.0	59.555653	332.89774	0.0	0.0	5.75157	309.02957	0.0	11.411407	291.83353	0.0	0.0	279.39957	0.0	0.0	0.0	0.0	268.27258	0.0	0.0	15.550637	0.0	5.333811	0.0	0.0	332.8969	7.2999153	304.73987	250.35118	0.0	0.0	0.0	0.0	229.66637	0.0	335.69077	0.0	0.0	0.0	30.889547	0.0	0.0	0.0	0.0	246.98401	0.0	269.70413	0.0	0.0	12.798587	0.0	6.6789093	0.0	861.5736	0.0	0.0	25.062082	0.0	0.0	0.0	0.0	0.0	41.32818	0.0	38.248344	321.13428	33.849762	0.0	3.8588119	267.36737	0.0	0.0	0.0	268.8429	0.0	306.3354	0.0	249.59702	0.0	33.634438	32.58357	268.7162	12.013951	0.87910444	1.5034348	344.67926	0.0	0.0	0.0	0.0	0.0	0.0	0.0	0.0	0.0	0.0
A[T>A]G	259.34268	0.0	0.0	0.0	0.0	6.973826	297.3004	4.068976	0.0	0.0	273.6695	0.0	0.0	282.7641	0.0	0.0	249.91922	0.0	0.0	0.0	0.0	269.96353	0.0	0.0	0.0	0.0	0.0	0.0	0.0	307.42358	0.0	257.27838	259.03256	0.0	0.0	0.0	0.0	261.09726	0.0	293.00546	0.0	0.0	0.0	3.7862616	0.0	0.0	0.0	0.0	240.96454	0.0	262.86536	0.0	0.0	0.0	0.0	0.22885022	0.0	857.5027	0.0	0.0	0.0	0.0	0.0	0.0	0.0	0.0	0.0	0.0	0.0	274.05087	0.2914178	0.0	2.3987517	255.6077	0.0	0.0	0.0	268.79462	0.0	275.70074	0.0	262.88535	0.0	0.0	0.0	272.94034	12.178618	0.0	0.0	303.12973	0.0	0.0	0.0	0.0	0.0	0.0	0.0	0.0	0.0	0.0
A[T>A]T	608.26294	0.0	0.0	0.0	0.0	117.463585	795.5481	0.0	0.0	57.609215	674.37573	0.0	0.0	722.0233	0.0	0.0	586.4772	0.0	5.377765	0.0	0.0	576.90106	0.0	0.0	0.0	0.0	25.69214	0.0	5.7859764	811.479	29.15534	672.1588	601.3933	0.0	0.0	0.0	0.0	541.89404	0.0	799.45447	0.0	0.0	0.0	60.31917	0.0	0.0	0.0	0.0	528.05884	0.0	614.3828	0.0	0.0	0.0	0.0	70.380005	0.0	2025.3641	0.0	0.0	0.0	0.0	0.0	0.0	0.0	0.0	83.19253	0.0	58.523403	750.61346	49.322247	0.0	26.895166	649.1547	0.0	0.0	0.0	671.9279	0.0	724.06537	0.0	564.46387	0.0	69.23591	39.57999	581.7948	111.037506	46.037636	0.0	758.9028	0.0	0.0	0.0	0.0	0.0	0.0	0.0	0.0	0.0	0.0
C[T>A]A	201.36609	0.0	0.0	0.0	0.0	0.37279394	217.23195	0.0	0.0	0.0	204.66306	0.0	0.0	219.49847	0.0	0.0	190.62572	0.0	0.0	0.0	0.0	209.66718	0.0	0.0	0.0	0.0	0.0	0.0	0.0	234.89091	2.881986	201.24483	198.31396	0.0	0.0	0.0	0.0	197.70244	0.0	220.2735	0.0	0.0	0.0	0.009435069	0.0	0.0	0.0	0.0	188.89357	0.0	201.23283	0.0	0.0	0.0	0.0	11.117539	0.0	652.70935	0.0	0.0	0.16142094	0.30530253	0.0	0.0	0.0	0.0	0.0	0.0	0.0	210.4519	0.0	0.0	1.3840609	196.48778	0.0	0.0	0.0	203.13303	0.0	212.40909	0.0	198.53392	0.0	0.0	0.0	206.50717	11.941648	0.0	0.0	233.92468	0.0	0.0	0.0	0.0	0.0	0.0	0.0	0.0	0.0	0.0
C[T>A]C	211.91913	0.0	0.0	0.0	0.0	22.824635	253.71225	0.0	0.0	5.896693	218.62793	0.0	0.0	236.61264	0.0	0.0	200.85617	0.0	0.0	0.0	0.0	211.03387	0.0	0.0	0.0	0.0	0.0	0.0	0.0	263.00037	20.23547	223.95302	210.79904	0.0	0.0	0.0	0.0	188.27518	0.0	250.85356	0.0	0.0	0.0	15.429174	0.0	0.0	0.0	0.0	183.78041	0.0	211.06218	0.0	0.0	1.2681737	0.0	17.856035	0.0	681.5814	0.0	0.0	0.0	4.910847	0.0	0.0	0.0	0.0	12.018911	0.0	4.602127	237.24208	15.278823	0.0	9.5813465	207.96669	0.0	0.0	0.0	217.44551	0.0	234.00331	0.0	193.10472	0.0	1.1826993	8.20407	204.1936	30.109123	6.4382644	0.0	255.84232	0.0	0.0	0.0	0.0	0.0	0.0	0.0	0.0	0.0	0.0
C[T>A]G	239.87425	0.0	0.0	0.0	0.0	2.0988266	272.7049	0.0	0.0	0.0	248.91286	0.0	2.2982445	263.842	0.0	0.0	231.16396	0.0	0.0	0.0	0.0	252.55812	0.0	0.0	0.0	0.0	0.0	0.0	0.0	288.0772	6.524641	247.58328	244.15356	0.0	0.0	0.0	0.0	241.49889	0.0	274.53888	0.0	0.0	0.0	2.3420386	0.0	0.0	0.0	0.0	231.9138	0.0	240.85075	0.0	0.0	0.0	0.0	6.147463	0.0	796.0264	0.0	0.0	0.0	2.8698273	0.0	0.0	0.0	0.0	0.0	0.0	0.0	254.4326	3.0325842	0.0	0.33978218	245.5725	0.0	0.0	0.0	247.5356	0.0	257.05502	0.0	245.42656	0.0	0.0	0.0	257.21207	19.58376	0.0	2.744293	282.30963	0.0	0.0	0.0	0.0	0.0	0.0	0.0	0.0	0.0	0.0
C[T>A]T	346.5284	0.0	0.0	0.0	0.0	7.8455396	372.5127	0.0	0.0	0.0	330.09265	0.0	15.3391695	374.35815	0.0	0.0	326.71622	0.0	0.0	0.0	0.0	330.95984	0.0	0.0	0.0	0.0	0.0	0.0	0.0	388.40778	26.478844	340.23044	344.27747	0.0	0.0	0.0	0.0	306.1608	0.0	374.59467	0.0	0.0	0.0	0.0	0.0	0.0	0.0	0.0	307.01184	0.0	324.88873	0.0	0.0	8.891057	0.0	3.8223264	0.0	1077.4911	0.0	0.0	4.607733	2.699182	0.0	0.0	0.0	0.0	0.0	2.6322312	0.0	359.5149	13.20245	0.0	0.0	317.84897	0.0	0.0	0.0	319.2077	0.0	343.6197	0.0	303.31104	0.0	0.0	0.0	317.19556	51.656437	0.0	0.34458038	381.3414	0.0	0.0	0.0	0.0	0.0	0.0	0.0	0.0	0.0	0.0
G[T>A]A	142.85658	0.0	0.0	0.0	0.0	9.934986	167.90895	0.0	0.0	3.8600156	155.09166	0.0	0.0	165.05669	0.0	0.0	142.66069	0.0	0.0	0.0	0.0	144.30652	0.0	0.0	0.0	0.0	0.0	0.0	0.0	177.76297	4.24327	152.3236	141.73651	0.0	0.0	0.0	0.0	136.0221	0.0	167.82268	0.0	0.0	0.0	2.6566744	0.0	0.0	0.0	0.0	133.91806	0.0	144.64082	0.0	0.0	0.0	0.0	5.267196	0.0	474.84088	0.0	0.0	0.0	0.0	0.0	0.0	0.0	0.0	0.051695958	0.0	1.4406525	159.61548	6.2080145	0.0	2.739771	149.68184	0.0	0.0	0.0	154.05309	0.0	155.46687	0.0	143.46829	0.0	5.0663714	0.38947392	147.4043	11.904541	0.0	0.0	177.28214	0.0	0.0	0.0	0.0	0.0	0.0	0.0	0.0	0.0	0.0
G[T>A]C	131.14658	0.0	1.1884834	0.0	0.0	25.529846	159.29068	0.0	0.0	8.395251	149.88216	0.0	1.3273017	141.45967	0.0	0.0	137.61638	0.0	0.0	0.0	0.0	125.20702	0.0	0.0	7.184778	0.0	4.563682	0.0	0.0	164.9148	9.846321	143.612	119.964745	0.0	0.0	0.0	0.0	110.085365	0.0	157.2215	0.0	0.0	0.0	17.159218	0.0	0.0	0.0	0.0	113.79524	0.0	126.43553	0.0	0.0	8.041721	0.0	7.411452	0.0	407.97226	0.0	0.0	7.9861503	1.1160715	0.0	0.0	0.0	0.0	19.118437	0.0	18.193947	151.75525	17.595638	0.0	3.3744402	128.62494	0.0	0.0	0.0	126.80397	0.0	145.17679	0.0	119.23874	0.0	14.925128	17.713535	126.61095	8.881205	0.96631414	0.7447294	161.32553	0.0	0.6788637	0.0	0.0	0.0	0.0	0.0	0.0	0.0	0.0
G[T>A]G	159.73955	0.0	0.0	0.0	0.0	10.524852	203.63849	0.0	0.0	2.1142511	174.43614	0.0	0.0	188.38708	0.0	0.0	153.98253	0.0	0.0	0.0	0.0	170.51245	0.0	0.0	0.0	0.0	0.0	0.0	0.0	206.39679	5.247572	174.52773	168.81308	0.0	0.0	0.0	0.0	160.91241	0.0	192.59764	0.0	0.0	0.0	10.629008	0.0	0.0	0.0	0.0	149.43564	0.0	168.01103	0.0	0.0	0.0	0.0	6.649456	0.0	542.58264	0.0	0.0	0.0	3.66529	0.0	0.0	0.0	0.0	3.9472268	0.0	0.0	184.22862	0.038252804	0.0	5.155661	170.16881	0.0	0.0	0.0	180.3249	0.0	182.7224	0.0	166.67398	0.0	2.76205	0.0	172.89421	15.001591	0.0	0.0	193.7866	0.0	0.0	0.0	0.0	0.0	0.0	0.0	0.0	0.0	0.0
G[T>A]T	195.3985	0.0	0.0	0.0	0.0	12.102919	236.1274	0.0	0.0	2.3210452	200.8185	0.0	5.4855056	219.21143	0.0	0.0	188.34386	0.0	0.0	0.0	0.0	195.03336	0.0	0.0	0.0	0.0	0.0	0.0	0.0	239.45366	6.4166746	204.7925	193.62552	0.0	0.0	0.0	0.0	181.95056	0.0	230.49571	0.0	0.0	0.0	9.107275	0.0	0.0	0.0	0.0	174.59697	0.0	195.70766	0.0	0.0	0.3298995	0.0	12.365506	0.0	637.3522	0.0	0.0	4.2406087	0.0	0.0	0.0	0.0	0.0	2.439707	0.0	0.0	217.61484	4.304229	0.0	6.9303017	193.59099	0.0	0.0	0.0	201.33762	0.0	212.66322	0.0	181.25256	0.0	2.1759257	0.02006697	195.75359	18.61968	3.3422217	0.0	235.28214	0.0	0.0	0.0	0.0	0.0	0.0	0.0	0.0	0.0	0.0
T[T>A]A	587.78186	0.0	0.0	0.0	0.0	66.891075	718.9691	0.0	0.0	7.7771044	637.59845	0.0	0.0	658.7083	0.0	0.0	584.46533	0.0	0.0	0.0	0.0	586.514	0.0	0.0	0.0	0.0	0.0	0.0	0.0	742.27844	6.270899	633.63	585.45105	0.0	0.0	0.0	0.0	551.9709	0.0	698.5527	0.0	0.0	0.0	23.934044	0.0	0.0	0.0	0.0	548.4187	0.0	586.8907	0.0	0.0	0.0	0.0	22.566792	0.0	1939.0111	0.0	0.0	0.0	0.0	0.0	0.0	0.0	0.0	26.733759	0.0	33.18432	674.35455	28.202766	0.0	0.0	598.3901	0.0	0.0	0.0	604.5456	0.0	654.58453	0.0	570.25757	0.0	26.424185	24.366373	582.75354	59.07564	10.351215	0.0	711.83276	0.0	0.0	0.0	0.0	0.0	0.0	0.0	0.0	0.0	0.0
T[T>A]C	187.44127	0.0	0.0	0.0	0.0	7.735707	213.03937	0.0	0.0	0.0	198.5667	0.0	2.7970996	201.2566	0.0	0.0	181.87958	0.0	0.0	0.0	0.0	196.01013	0.0	0.0	0.0	0.0	0.0	0.0	0.0	227.75986	2.2333531	198.81554	185.08908	0.0	0.0	0.0	0.0	179.08186	0.0	213.15538	0.0	0.0	0.0	11.123398	0.0	0.0	0.0	0.0	173.25781	0.0	190.65492	0.0	0.0	0.0	0.0	0.0	0.0	610.24304	0.0	0.0	0.0	4.1807036	0.0	0.0	0.0	0.0	4.90818	0.0	0.0	204.5528	9.750199	0.0	2.9488087	188.00578	0.0	0.0	0.0	190.76085	0.0	205.0775	0.0	181.3683	0.0	0.0	2.3011546	198.65549	11.80487	0.0	0.0	222.32368	0.0	0.0	0.0	0.0	0.0	0.0	0.0	0.0	0.0	0.0
T[T>A]G	148.12643	0.0	0.0	0.0	0.0	3.3487623	174.10767	0.0	0.0	0.0	154.3153	0.0	0.0	169.15454	0.0	0.0	144.85878	0.0	0.0	0.0	0.0	158.05669	0.0	0.0	0.0	0.0	0.0	0.0	0.0	183.68408	4.2691674	155.95598	153.00436	0.0	0.0	0.0	0.0	146.8877	0.0	170.60562	0.0	0.0	0.0	2.7822492	0.0	0.0	0.0	0.0	137.51709	0.0	154.87915	0.0	0.0	0.0	0.0	5.277345	0.0	499.84418	0.0	0.0	0.0	0.0	0.0	0.0	0.0	0.0	0.0	0.0	0.0	167.11249	3.0086212	0.0	1.9523101	154.97307	0.0	0.0	0.0	158.82791	0.0	166.63174	0.0	157.46794	0.0	0.0	0.0	155.81593	12.625241	0.0	0.42001125	175.71072	0.0	0.0	0.0	0.0	0.0	0.0	0.0	0.0	0.0	0.0
T[T>A]T	537.0371	0.0	0.0	0.0	0.0	89.23818	694.28845	0.0	0.0	40.695477	577.7081	0.0	0.0	629.0507	0.0	0.0	505.9112	0.0	2.874009	0.0	0.0	503.18805	0.0	0.0	0.0	0.0	12.465616	0.0	10.225689	715.2585	33.630337	592.1073	525.54047	0.0	0.0	0.0	0.0	484.27835	0.0	687.39233	0.0	0.0	0.0	64.51844	0.0	0.0	0.0	0.0	454.651	0.0	543.8125	0.0	0.0	0.0	0.0	67.32909	0.0	1755.8042	0.0	0.0	0.0	0.0	0.0	0.0	0.0	0.0	60.749165	5.203819	50.594963	652.80853	34.931557	0.0	36.859146	571.73175	0.0	0.0	0.0	571.4246	0.0	637.5668	0.0	493.91425	0.0	52.460537	31.649725	517.0598	108.17201	51.10297	0.0	653.25433	0.0	0.21672365	0.0	0.0	0.0	0.0	0.0	0.0	0.0	0.0
A[T>C]A	948.741	0.0	0.0	0.0	0.0	166.01558	1300.906	0.0	0.0	135.5772	1084.2511	0.0	0.0	1190.5447	0.0	0.0	902.5272	0.0	42.52487	0.0	0.0	878.7042	0.0	0.0	0.0	0.0	57.925556	0.0	30.960304	1347.9572	30.523647	1047.6176	941.21594	0.0	0.0	0.0	0.0	866.39233	0.0	1297.7018	0.0	0.0	0.0	90.46554	0.0	0.0	0.0	0.0	826.9452	0.0	978.5311	0.0	0.0	0.0	0.0	129.11153	0.0	3248.4167	0.0	0.0	0.0	0.0	0.0	0.0	0.0	0.0	124.66259	21.179388	97.09391	1237.9426	67.31747	0.0	31.444542	1077.3832	0.0	0.0	0.0	1097.0702	0.0	1196.0167	0.0	945.6596	0.0	168.25066	53.070942	951.5515	210.71066	90.889824	0.0	1192.0629	0.0	0.0	0.0	0.0	0.0	0.0	0.0	0.0	0.0	0.0
A[T>C]C	327.27676	0.0	0.0	0.0	0.0	58.80237	429.36667	0.0	0.0	42.002636	355.64746	0.0	0.0	391.49573	0.0	0.0	297.59213	0.0	10.775225	0.0	0.0	295.07147	0.0	0.0	0.0	0.0	25.075975	0.0	7.965866	443.22375	14.591922	352.50766	314.70578	0.0	2.358454	0.0	0.0	291.1108	0.0	424.35672	0.0	0.0	0.0	30.6166	0.0	0.0	0.0	0.0	273.62482	0.0	331.56442	0.0	0.0	0.0	0.0	40.472473	0.0	1078.8275	0.0	0.0	0.0	0.0	0.0	0.0	0.0	0.0	42.85301	3.1286209	35.741703	408.33484	24.060167	0.0	12.231561	353.59946	0.0	0.0	0.0	357.86084	0.0	393.39987	0.0	314.18747	0.0	44.828957	21.289091	313.52835	67.86491	32.606728	0.0	396.6869	0.0	3.1667664	0.0	0.0	0.0	0.0	0.0	0.0	0.0	0.0
A[T>C]G	586.83545	2.4685044	0.0	0.0	0.0	129.98294	888.95746	0.0	16.099777	125.4257	699.5412	0.0	0.0	788.92914	0.0	0.0	550.9405	16.368643	90.360756	3.993226	0.0	555.4508	0.0	33.12298	0.0	0.0	79.04642	0.0	60.979412	887.41064	32.996006	677.41095	593.8402	0.0	22.50323	6.3325133	0.0	538.0697	0.0	885.1941	0.0	0.0	0.0	85.86527	0.0	0.0	0.0	0.0	499.3608	0.0	635.73676	0.0	0.0	0.0	0.0	138.72327	0.0	2094.7993	52.92833	0.0	0.0	0.0	0.0	0.0	0.0	0.0	137.20374	26.647833	85.61788	818.6722	51.887222	0.0	45.821697	708.4048	0.0	0.0	0.0	754.27454	15.131478	784.81506	0.0	576.05145	0.0	151.44476	48.981003	595.3959	158.31471	73.70511	0.0	766.23334	0.0	39.68507	0.0	0.0	0.0	0.0	0.0	0.0	0.0	0.88109225
A[T>C]T	788.7661	0.0	0.0	0.0	0.0	62.066055	951.07874	0.0	0.0	23.576391	833.59296	0.0	0.0	892.46295	0.0	0.0	733.1628	0.0	0.0	0.0	0.0	756.6982	0.0	0.0	0.0	0.0	0.0	0.0	0.0	983.0979	21.679384	821.5566	769.62866	0.0	0.0	0.0	0.0	738.2067	0.0	944.5707	0.0	0.0	0.0	20.600994	0.0	0.0	0.0	0.0	721.5025	0.0	799.9101	0.0	0.0	0.0	0.0	29.854305	0.0	2596.6724	0.0	0.0	0.0	0.0	0.0	0.0	0.0	0.0	0.0	0.0	23.86437	908.81915	12.377258	0.0	0.0	813.74915	0.0	0.0	0.0	825.06976	0.0	882.7591	0.0	781.1531	0.0	39.57273	3.4661403	781.87714	106.748726	23.843422	0.0	925.5539	0.0	0.0	0.0	0.0	0.0	0.0	0.0	0.0	0.0	0.0
C[T>C]A	350.98773	0.0	0.0	0.0	0.0	94.03171	527.5187	0.0	1.4655353	85.609886	413.4647	0.0	0.0	475.10864	0.0	0.0	328.26483	6.549918	40.9437	0.70996755	0.0	302.67752	0.0	19.483421	0.0	0.0	52.246166	0.0	43.781013	540.5463	30.361595	402.07776	349.3327	0.0	24.106606	25.376936	0.0	291.80872	0.0	521.01166	0.0	0.0	0.0	49.004837	0.0	0.0	0.0	0.0	283.62097	0.0	363.70264	0.0	0.0	0.0	0.0	82.62858	0.0	1223.6024	26.914015	0.0	0.0	0.0	0.0	0.0	0.0	0.0	84.02712	24.35676	66.60532	500.06613	42.724762	0.0	23.414843	421.89258	0.0	0.0	0.0	433.02365	18.368996	471.02054	0.0	326.2436	0.0	87.06377	39.920937	331.93723	112.51716	47.17333	0.0	455.98312	0.0	26.379286	0.0	0.0	0.0	0.0	0.0	0.0	0.0	21.328236
C[T>C]C	325.54684	0.0	0.0	0.0	0.0	47.502365	417.97165	0.0	0.0	27.187983	343.7334	0.0	0.0	385.88333	0.0	0.0	291.19424	0.0	12.904031	0.0	0.0	290.92874	0.0	0.0	0.0	0.0	17.754797	0.0	18.190966	420.10382	30.165049	337.76785	317.64426	0.0	0.0	0.0	0.0	279.11746	0.0	414.79288	0.0	0.0	0.0	23.168547	0.0	0.0	0.0	0.0	267.1403	0.0	322.2567	0.0	0.0	0.0	0.0	41.41749	0.0	1048.2083	0.0	0.0	0.0	0.0	0.0	0.0	0.0	0.0	28.322248	14.697344	28.629793	388.03766	31.82349	0.0	9.852146	334.51773	0.0	0.0	0.0	343.51318	0.0	378.02704	0.0	284.9976	0.0	26.825893	17.547773	291.70596	72.89882	27.124392	0.0	380.12445	0.0	0.0	0.0	0.0	0.0	0.0	0.0	0.0	0.0	0.0
C[T>C]G	359.22244	5.392642	0.0	0.0	0.0	129.99763	613.57007	0.0	35.658222	114.80162	453.10107	0.0	0.0	538.21545	0.0	0.0	329.81427	41.22067	76.79268	25.853523	0.0	308.8551	0.0	54.829403	0.0	0.0	88.02302	0.0	99.903305	601.843	52.832863	441.59448	363.06226	0.0	53.499825	52.819073	0.0	296.78876	0.0	610.0695	0.0	0.0	0.0	76.408424	0.0	0.0	0.0	0.0	283.67316	0.0	401.28165	21.278412	0.0	0.0	0.0	129.43593	0.0	1313.6273	76.1129	0.0	0.0	0.0	0.0	0.0	0.0	0.0	135.2181	33.503216	87.12849	551.6248	56.02603	0.0	42.177242	468.03772	0.0	0.0	0.0	495.9915	46.4872	532.46594	0.0	329.90836	4.9603124	129.74138	66.97778	338.12616	149.30956	77.081024	0.0	493.48483	0.0	51.208336	0.0	0.0	0.0	0.0	0.0	0.0	0.0	38.419815
C[T>C]T	443.9174	2.0151496	5.140619	0.0	0.0	109.92898	598.39514	0.0	0.0	39.98607	472.58414	0.0	0.0	572.76587	0.0	0.0	403.35275	21.235518	15.149156	8.325606	0.0	318.72095	0.0	45.86219	0.0	0.0	53.91043	0.0	77.66192	591.04205	77.55635	489.92007	430.61432	0.0	0.0	75.38651	0.0	315.64813	0.0	598.6461	0.0	0.0	0.0	21.752167	0.0	0.0	0.0	0.0	351.06857	0.0	426.734	31.917162	0.0	0.0	0.0	60.507057	0.0	1426.4012	20.785387	0.0	0.0	5.5770164	0.0	0.0	0.0	0.0	33.9388	63.66954	94.97708	558.9732	73.856026	0.0	0.0	451.81137	0.0	0.0	0.0	431.34818	0.0	550.25934	0.0	335.59323	0.0	34.932026	60.738888	339.4699	152.32806	70.71868	0.0	510.4823	0.0	0.0	0.0	0.0	0.0	0.0	0.0	0.0	0.0	50.302643
G[T>C]A	583.90063	0.0	6.28297	0.0	0.0	259.54373	1012.8027	0.0	52.85333	232.97075	738.35004	0.0	0.0	855.8216	0.0	0.0	528.6992	63.52753	129.46684	35.279022	0.0	456.22333	0.0	65.103874	13.213108	0.0	177.8866	1.4382772	174.24246	998.8668	78.23314	713.726	533.32965	0.0	119.08816	136.40573	0.0	442.23563	0.0	989.71344	0.0	0.0	0.0	162.01192	0.0	0.0	0.0	0.0	405.78232	0.0	617.9695	21.920713	0.0	0.0	0.0	216.18488	0.0	2053.1594	90.339325	0.0	0.0	0.0	0.0	0.0	0.0	0.0	269.0564	27.955166	171.7794	930.0588	102.98075	0.0	79.391304	749.53577	0.0	0.0	0.0	777.8952	79.917076	886.71545	0.0	533.3189	41.23578	248.48865	130.71199	542.8211	248.13022	161.35396	0.0	818.177	0.0	112.43817	0.0	0.0	0.0	0.0	0.0	0.0	0.0	92.33921
G[T>C]C	350.3577	0.0	0.0	0.0	0.0	99.56774	483.05176	0.0	0.0	55.71474	406.83563	0.0	0.0	419.95175	0.0	0.0	328.07236	0.0	18.208199	0.0	0.0	308.39868	0.0	0.0	0.0	0.0	44.88865	0.0	26.640188	481.65717	28.1124	394.84195	326.95407	0.0	12.433933	5.183583	0.0	288.09348	0.0	475.36456	0.0	0.0	0.0	53.31139	0.0	0.0	0.0	0.0	279.99728	0.0	356.80917	0.0	0.0	0.0	0.0	63.638245	0.0	1146.1073	0.0	0.0	11.69035	0.0	0.0	0.0	0.0	0.0	91.76312	0.9749312	66.17935	460.1666	45.895992	0.0	21.865091	381.4508	0.0	0.0	0.0	384.07175	0.0	443.24655	0.0	321.2953	0.0	64.31057	47.19184	320.73026	72.7933	41.076164	0.0	440.59006	0.0	19.998695	0.0	0.0	0.0	0.0	0.0	0.0	0.0	13.45098
G[T>C]G	358.31082	16.911833	0.0	0.0	0.0	124.124886	621.0868	0.0	41.00417	111.83528	481.6701	0.0	0.0	538.5144	0.0	0.0	366.36557	43.660385	91.34269	6.385785	0.0	352.84277	0.0	54.741142	0.0	0.0	81.77889	0.0	98.630905	593.20575	38.85482	465.6369	393.18564	0.0	48.75792	15.946131	0.0	326.90683	0.0	629.6826	0.0	0.0	0.0	92.02266	0.0	0.0	0.0	0.0	317.74756	0.0	430.50632	7.707628	0.0	0.0	0.0	139.43672	0.0	1350.9908	78.88487	0.0	0.0	0.0	3.4340062	0.0	0.0	0.0	155.49025	37.947117	107.25646	554.387	56.267197	0.0	44.211132	471.84494	0.0	0.0	0.0	523.8628	48.90238	529.89105	0.0	340.67282	22.244879	149.78297	63.178993	348.5378	103.069244	63.75172	0.0	506.20538	0.0	73.81178	0.0	0.0	0.0	0.0	0.0	0.0	0.0	3.9658587
G[T>C]T	557.6947	0.0	0.0	0.0	0.0	165.90796	845.2224	0.0	0.0	133.96303	660.3214	0.0	0.0	731.4014	0.0	0.0	504.6414	7.2343626	64.43248	10.300473	0.0	482.35193	0.0	26.171259	0.0	0.0	94.25006	0.0	86.38856	843.90125	50.081173	650.4921	529.39166	0.0	43.006744	49.94298	0.0	467.9958	0.0	826.87335	0.0	0.0	0.0	94.063835	0.0	0.0	0.0	0.0	435.23468	0.0	580.3803	0.0	0.0	0.0	0.0	134.65085	0.0	1910.0018	38.438446	0.0	0.0	0.0	0.0	0.0	0.0	0.0	159.45091	16.80784	107.41864	779.4423	81.16634	0.0	41.004005	652.8408	0.0	0.0	0.0	673.9913	17.841026	752.8941	0.0	523.6876	0.0	144.26585	76.23784	530.00226	178.63974	99.984474	0.0	723.57983	0.0	38.363686	0.0	0.0	0.0	0.0	0.0	0.0	0.0	39.32539
T[T>C]A	578.0806	0.0	0.0	0.0	0.0	146.40022	816.82263	0.0	0.0	100.8097	668.0887	0.0	0.0	734.9179	0.0	0.0	543.6167	0.0	40.52842	0.0	0.0	508.90494	0.0	0.0	0.0	0.0	58.200172	0.0	35.076653	840.5876	43.92777	660.9211	552.47406	0.0	7.88632	20.973963	0.0	476.80386	0.0	809.47766	0.0	0.0	0.0	63.05272	0.0	0.0	0.0	0.0	486.01218	0.0	578.20337	0.0	0.0	0.0	0.0	83.168655	0.0	1966.1309	3.525972	0.0	0.0	0.0	0.0	0.0	0.0	0.0	109.18389	31.85394	89.866295	786.79266	71.58018	0.0	23.957684	666.98663	0.0	0.0	0.0	667.1545	0.0	740.79224	0.0	534.8564	0.0	120.751755	72.08302	546.1022	146.93594	65.993355	0.0	738.14856	0.0	11.0098295	0.0	0.0	0.0	0.0	0.0	0.0	0.0	19.676517
T[T>C]C	438.81967	0.0	0.0	0.0	0.0	119.74777	615.9796	0.0	0.0	58.651745	507.614	0.0	0.0	540.4539	0.0	0.0	414.40326	0.0	18.816555	0.0	0.0	393.82922	0.0	0.0	2.3069873	0.0	39.66287	0.0	32.3665	612.05426	41.14345	495.36575	417.99066	0.0	0.0	4.9760985	0.0	373.8477	0.0	604.4094	0.0	0.0	0.0	57.128887	0.0	0.0	0.0	0.0	364.63632	0.0	454.7667	0.0	0.0	0.0	0.0	69.14563	0.0	1454.6538	0.0	0.0	3.8409774	0.0	0.0	0.0	0.0	0.0	98.94324	16.985643	73.82316	579.6213	54.800488	0.0	25.890244	485.079	0.0	0.0	0.0	491.9832	0.0	554.76154	0.0	406.59525	0.0	88.10701	63.45613	412.54333	94.219154	54.659546	0.0	556.76697	0.0	19.256256	0.0	0.0	0.0	0.0	0.0	0.0	0.0	13.094841
T[T>C]G	297.27634	42.119915	0.0	0.0	0.0	48.588398	504.60532	0.0	52.266777	63.67092	426.47626	0.0	0.0	471.1472	0.0	0.0	352.56424	37.215412	98.43736	0.0	0.0	394.419	0.0	72.55406	0.0	0.0	25.54954	0.0	69.66863	483.2649	0.0	430.98633	410.54623	0.0	0.0	0.0	0.0	324.57584	0.0	559.27905	0.0	0.0	0.0	62.88955	0.0	0.0	0.0	0.0	345.86566	0.0	419.6407	13.231103	0.0	0.0	0.0	122.21419	0.0	1239.8104	83.85814	0.0	0.0	19.94019	43.8263	0.0	0.0	0.0	101.69748	64.50425	97.732086	430.78378	54.67016	0.0	20.869438	394.00983	0.0	0.033641916	0.0	477.01672	51.515873	417.563	0.0	301.84198	18.931467	128.95964	33.935993	301.03033	27.199268	0.7621463	0.0	437.8718	0.0	59.7562	0.0	0.0	0.0	0.0	0.0	0.0	0.0	0.0
T[T>C]T	638.376	0.0	0.0	0.0	0.0	189.12334	929.9547	0.0	0.0	116.99603	730.36084	0.0	0.0	789.46124	0.0	0.0	578.42224	1.8515444	46.034447	4.435302	0.0	534.0541	0.0	7.2081056	0.0	0.0	75.20502	0.0	90.423744	947.0247	74.387886	748.7494	598.62537	0.0	44.326965	27.483145	0.0	528.9686	0.0	896.2171	0.0	0.0	0.0	112.844955	0.0	0.0	0.0	0.0	498.87384	0.0	657.26746	0.0	0.0	0.0	0.0	129.65314	0.0	2095.0474	59.003647	0.0	0.0	0.0	0.0	0.0	0.0	0.0	170.08028	31.468801	131.66371	857.46185	64.75564	0.0	64.29519	741.4335	0.0	0.0	0.0	722.78406	5.341855	847.8214	0.0	556.25604	0.0	137.17047	89.24243	590.6029	185.33618	116.44355	0.0	806.36554	0.0	36.64432	0.0	0.0	0.0	0.0	0.0	0.0	0.0	12.208118
A[T>G]A	221.14018	0.0	0.0	0.0	0.0	6.2766643	245.45981	0.0	0.0	0.0	228.8012	0.0	0.0	240.93329	0.0	0.0	215.5743	0.0	0.0	0.0	0.0	222.22986	0.0	0.0	0.0	0.0	0.0	0.0	0.0	261.74393	1.5496391	228.6085	230.08029	0.0	0.0	0.0	0.0	213.6584	0.0	245.6599	0.0	0.0	0.0	0.0	0.0	0.0	0.0	0.0	213.21567	0.0	219.88957	0.0	0.0	0.0	0.0	0.0	0.0	733.43677	0.0	0.0	0.81135976	0.7617999	0.0	0.0	0.0	0.0	0.0	3.8043795	0.0	243.04213	0.0	0.0	0.0	228.74754	0.0	0.0	0.0	223.6993	0.0	236.97621	0.0	216.40273	0.0	0.0	0.0	218.19638	22.951372	0.0	0.0	250.86876	0.0	0.0	0.0	0.0	0.0	0.0	0.0	0.0	0.0	0.0
A[T>G]C	114.75067	0.0	0.0	0.0	0.0	4.85591	135.84604	0.0	0.0	0.0	121.769905	0.0	0.0	125.80702	0.0	0.0	109.75152	0.0	0.0	0.0	0.0	117.68438	0.0	0.0	0.0	0.0	0.0	0.0	0.0	141.29198	0.3061784	125.90641	117.903915	0.0	0.0	0.0	0.0	116.93444	0.0	136.85114	0.0	0.0	0.0	3.2529097	0.0	0.0	0.0	0.0	109.9947	0.0	122.061295	0.0	0.0	0.0	0.0	2.7458992	0.0	385.09656	0.0	0.0	0.0	0.0	0.0	0.0	0.0	0.0	0.0	0.0	0.0	127.29944	0.0	0.0	1.8242965	123.892746	0.0	0.0	0.0	121.98242	0.0	130.12367	0.0	116.23091	0.0	0.5821105	2.6254156	115.55236	10.675388	2.5936215	0.0	133.44086	0.0	0.0	0.0	0.0	0.0	0.0	0.0	0.0	0.0	0.0
A[T>G]G	157.4799	0.0	0.0	0.0	0.0	2.3399217	179.41205	0.0	0.0	0.0	163.45537	0.0	0.0	172.87578	0.0	0.0	149.29602	0.0	0.0	0.0	0.0	162.84747	0.0	0.0	0.0	0.0	0.0	0.0	0.0	186.772	5.3936043	160.15471	163.3074	0.0	0.0	0.0	0.0	160.3966	0.0	183.8701	0.0	0.0	0.0	0.0	0.0	0.0	0.0	0.0	147.15356	0.0	156.62169	0.0	0.0	0.0	0.0	0.0	0.0	521.20636	0.0	0.0	0.0	0.0	0.0	0.0	0.0	0.0	0.0	0.0	0.0	170.66125	5.2411222	0.0	0.0	157.85242	0.0	0.0	0.0	163.30498	0.0	166.83685	0.0	156.28282	0.0	0.0	0.0	158.9585	12.927056	0.3911473	0.0	181.03946	0.0	0.0	0.0	0.0	0.0	0.0	0.0	0.0	0.0	0.0
A[T>G]T	278.30826	0.0	0.0	0.0	0.0	14.849906	312.3776	0.0	0.0	0.0	284.27795	0.0	2.678636	313.78802	0.0	0.0	263.11612	0.0	0.0	0.0	0.0	253.906	0.0	0.0	0.0	0.0	0.0	0.0	0.0	323.0655	20.687576	286.27542	281.57422	0.0	0.0	0.0	0.0	247.17473	0.0	319.28372	0.0	0.0	0.0	0.0	0.0	0.0	0.0	0.0	264.91132	0.0	271.41486	0.0	0.0	0.0	0.0	0.0	0.0	893.0558	0.0	0.0	0.0	8.113077	0.0	0.0	0.0	0.0	0.0	16.038576	12.797234	299.02762	14.218918	0.0	0.0	265.4261	0.0	0.0	0.0	263.1683	0.0	294.3326	0.0	252.3839	0.0	0.0	6.8133206	251.2179	37.401814	4.033855	0.0	303.65372	0.0	0.0	0.0	0.0	0.0	0.0	0.0	0.0	0.0	0.0
C[T>G]A	108.49092	0.0	0.0	0.0	0.0	1.9653866	118.20102	1.3890555	0.0	0.0	111.44516	0.0	0.0	118.72553	0.0	0.0	102.5961	0.0	0.0	0.0	0.0	108.226974	0.0	0.0	0.0	0.0	0.0	0.0	0.0	129.95276	0.45697564	112.64721	109.985435	0.0	0.0	0.0	0.0	104.112	0.0	121.74019	0.0	0.0	0.0	0.0	0.0	0.0	0.0	0.0	104.03204	0.0	107.07702	0.0	0.0	0.0	0.0	0.0	0.0	353.7757	0.0	0.0	0.0	2.1305795	0.0	0.0	0.0	0.0	0.0	1.9159702	0.0	114.64814	6.7718453	0.0	0.0	108.85794	0.0	0.0	0.0	106.92663	0.0	114.199844	0.0	103.79513	0.0	0.0	0.0	101.18939	8.77131	0.0	0.0	123.61035	0.0	0.0	0.0	0.0	0.0	0.0	0.0	0.0	0.0	0.0
C[T>G]C	144.60022	0.0	0.0	0.0	0.0	16.324846	180.4154	0.0	0.0	8.728492	156.66628	0.0	0.0	172.53625	0.0	0.0	134.04846	0.0	9.300712	0.0	0.0	134.4607	0.0	0.0	0.0	0.0	5.1439476	0.0	5.0760336	185.39528	15.102741	155.88725	143.53526	0.0	0.0	0.0	0.0	127.40307	0.0	188.09064	0.0	0.0	0.0	7.6017675	0.0	0.0	0.0	0.0	130.55669	0.0	145.9535	0.0	0.0	0.0	0.0	12.699689	0.0	472.57516	0.0	0.0	0.0	0.0	0.0	0.0	0.0	0.0	8.122883	6.045265	11.252901	168.41907	9.366892	0.0	0.0	155.07594	0.0	0.0	0.0	151.45724	0.0	168.59358	0.0	130.80737	0.0	10.835332	8.9307995	133.27869	28.534046	12.395869	0.0	167.5618	0.0	0.0	0.0	0.0	0.0	0.0	0.0	0.0	0.0	0.0
C[T>G]G	181.6099	0.0	0.0	0.0	0.0	21.905087	234.06654	0.0	0.0	11.500475	198.21277	0.0	0.0	216.87689	0.0	0.0	166.86665	0.0	1.4274814	0.0	0.0	173.50049	0.0	0.0	0.0	0.0	2.4492052	0.0	0.0	230.96391	13.823389	196.43504	180.48145	0.0	0.0	0.0	0.0	169.5172	0.0	229.33633	0.0	0.0	0.0	11.528855	0.0	0.0	0.0	0.0	158.62694	0.0	188.38176	0.0	0.0	0.0	0.0	17.759783	0.0	599.4612	0.0	0.0	0.0	0.0	0.0	0.0	0.0	0.0	9.509976	3.3185096	6.905965	212.51411	9.074722	0.0	4.0714893	193.65596	0.0	0.0	0.0	192.80167	0.0	216.64384	0.0	177.49724	0.0	9.78003	4.4378185	178.00264	33.13552	11.619939	0.0	217.28607	0.0	0.0	0.0	0.0	0.0	0.0	0.0	0.0	0.0	0.0
C[T>G]T	472.0043	11.445289	56.32538	0.0	72.8183	62.02165	449.90903	0.0	0.0	0.0	409.5083	0.0	88.71059	555.4078	48.51604	47.796074	439.22342	2.1524916	0.0	0.0	0.0	253.67912	0.0	82.31839	0.0	0.0	0.0	0.0	50.79379	435.8309	111.0662	467.78033	470.29492	0.0	0.0	113.70867	0.0	246.00461	0.0	511.73462	0.0	0.0	0.0	0.0	0.0	0.0	0.0	0.0	399.19055	2.6641846	380.2721	83.62134	0.0	70.8677	0.0	0.0	0.0	1314.1107	0.0	29.58733	0.0	80.52848	0.0	0.0	55.80078	0.0	0.0	146.07211	111.91584	453.86395	112.30024	0.0	0.0	322.2483	0.0	0.0	0.0	236.67998	0.0	432.4013	0.0	211.28123	0.0	0.0	73.538445	206.81114	158.59546	42.386143	0.0	420.84518	0.0	0.0	0.0	0.0	0.0	40.38032	0.0	0.0	0.0	82.77547
G[T>G]A	85.16279	0.0	0.0	0.0	0.0	0.20288375	90.16207	0.0	0.0	0.0	84.167694	0.0	0.0	92.98927	0.0	0.0	79.09216	0.0	0.0	0.0	0.0	84.64791	0.0	0.0	0.0	0.0	0.0	0.0	0.0	97.74556	2.0019925	85.44581	83.73269	0.0	0.0	0.0	0.0	82.92793	0.0	95.48706	0.0	0.0	0.0	0.0	0.0	0.0	0.0	0.0	80.70124	0.0	81.816444	0.0	0.0	0.0	0.0	0.0	0.0	271.88065	0.0	0.0	0.0	0.8006528	0.0	0.0	0.0	0.0	0.0	0.0	0.0	90.150475	0.0	0.0	0.0	83.54285	0.0	0.0	0.0	84.631134	0.0	84.71872	0.0	82.240906	0.0	0.0	0.0	80.52512	7.5257297	0.0	0.0	93.11506	0.0	0.0	0.0	0.0	0.0	0.0	0.0	0.0	0.0	0.0
G[T>G]C	79.83049	0.0	0.0	0.0	0.0	4.113087	91.03864	0.0	0.0	0.0	81.395584	0.0	0.45511693	85.55996	0.0	0.0	76.57019	0.0	0.0	0.0	0.0	78.31187	0.0	0.0	0.0	0.0	0.6810124	0.0	0.0	91.89754	6.587129	84.69402	77.57997	0.0	0.0	0.0	0.0	74.79939	0.0	92.29989	0.0	0.0	0.0	0.0	0.0	0.0	0.0	0.0	77.76851	0.0	78.924164	0.0	0.0	0.0	0.0	2.1390939	0.0	256.82425	0.0	0.0	0.0	0.49851242	0.0	0.0	0.0	0.0	0.0	0.0	1.3450401	86.230446	0.21453688	0.0	0.0	79.82997	0.0	0.0	0.0	76.946106	0.0	86.97336	0.0	76.52323	0.0	0.43837965	1.1164272	74.54536	5.93838	0.0	0.0	92.72206	0.0	0.0	0.0	0.0	0.0	0.0	0.0	0.0	0.0	0.0
G[T>G]G	134.1381	0.0	0.0	0.0	0.0	1.1354072	150.13351	5.6589537	0.0	0.0	134.81615	0.0	0.0	149.19913	0.0	0.0	121.353806	0.0	1.0788765	0.0	0.0	135.06865	0.0	0.0	0.0	0.0	0.0	0.0	0.0	159.96898	6.728875	127.479195	136.44427	0.0	0.0	0.0	0.0	133.69688	0.0	148.27545	0.0	0.0	0.0	0.0	0.0	0.0	0.0	0.0	112.81544	0.0	136.42122	0.0	0.0	0.0	0.0	0.0	0.0	433.50073	0.0	0.0	0.0	8.574067	0.0	0.0	0.0	0.0	0.0	1.3480837	0.0	144.28732	13.23232	0.0	0.0	134.43964	0.0	0.0	0.00528327	136.64265	0.0	144.38724	0.0	131.75279	0.0	0.33413732	0.0	123.59426	8.984235	0.0	0.0	156.89598	0.0	0.0	0.0	0.0	0.0	0.0	0.0	0.0	0.0	0.0
G[T>G]T	213.95564	1.0525813	0.53722805	0.0	0.0	38.802116	250.88449	0.0	0.0	0.0	218.03923	0.0	10.130032	250.30005	0.0	0.0	200.62733	0.0	0.0	0.0	0.0	155.46347	0.0	8.257765	0.0	0.0	10.277747	0.0	19.439976	249.30994	35.355846	224.25137	204.796	0.0	0.0	16.553198	0.0	153.54552	0.0	258.65375	0.0	0.0	0.0	0.0	0.0	0.0	0.0	0.0	178.14021	0.0	197.05278	0.72338367	0.0	5.0851464	0.0	6.066971	0.0	649.3667	0.0	0.0	0.0	9.514382	0.0	0.0	0.0	0.0	0.58184636	33.443268	40.83166	240.62602	34.676826	0.0	0.0	193.59236	0.0	0.0	0.0	176.59549	0.0	235.30473	0.0	151.9479	0.0	0.0	31.84794	153.57315	57.811714	18.444393	0.0	230.41464	0.0	0.0	0.0	0.0	0.0	0.0	0.0	0.0	0.0	17.305433
T[T>G]A	258.15778	0.0	0.0	0.0	0.0	3.6676705	262.1249	0.0	0.0	0.0	258.44217	0.0	1.1576928	270.3555	0.0	0.0	240.79651	0.0	0.0	0.0	0.0	248.99028	0.0	0.0	0.0	0.0	0.0	0.0	0.0	296.29492	3.822374	261.75406	256.72202	0.0	0.0	0.0	0.0	236.98843	0.0	272.73257	0.0	0.0	0.0	0.0	0.0	0.0	0.0	0.0	251.77129	0.0	251.78328	0.0	0.0	0.0	0.0	0.0	0.0	821.5657	0.0	0.0	0.0	0.46917	0.0	0.0	0.0	0.0	0.0	6.9531107	0.0	265.63208	3.6272397	0.0	0.0	253.40787	0.0	0.0	0.0	236.3488	0.0	257.5316	0.0	240.95033	0.0	0.0	0.0	234.62613	29.660389	0.0	0.0	285.69543	0.0	0.0	0.0	0.0	0.0	0.0	0.0	0.0	0.0	0.0
T[T>G]C	186.93677	0.0	0.0	0.0	0.0	1.1591423	196.31032	0.0	0.0	0.0	192.23576	0.0	0.0	197.07288	0.0	0.0	170.19011	0.0	0.0	0.0	0.0	185.584	0.0	0.0	0.0	0.0	0.0	0.0	0.0	203.82715	4.5012255	188.36816	187.10802	0.0	0.0	0.0	0.0	182.65616	0.0	214.3365	0.0	0.0	0.0	0.0	0.0	0.0	0.0	0.0	180.35046	0.0	182.89459	0.0	0.0	0.0	0.0	0.0	0.0	590.57916	0.0	0.0	0.0	0.0	0.0	0.0	0.0	0.0	0.0	1.7238954	0.0	190.65057	0.0	0.0	0.0	181.94583	0.0	0.0	0.0	184.469	0.0	195.8308	0.0	181.57617	0.0	1.2586254	0.0	185.4737	14.637149	0.19957474	0.0	203.66277	0.0	0.0	0.0	0.0	0.0	0.0	0.0	0.0	0.0	0.0
T[T>G]G	189.58344	0.0	0.0	0.0	0.0	19.111687	224.12831	0.0	0.0	1.5186414	199.89754	0.0	0.0	219.28984	0.0	0.0	178.37878	0.0	0.0	0.0	0.0	193.03871	0.0	0.0	0.0	0.0	0.0	0.0	0.0	228.24973	6.765841	199.35454	188.22394	0.0	0.0	0.0	0.0	181.45042	0.0	223.08354	0.0	0.0	0.0	1.4476396	0.0	0.0	0.0	0.0	170.98027	0.0	190.39856	0.0	0.0	0.0	0.0	0.6517132	0.0	627.63184	0.0	0.0	0.0	2.3434317	0.0	0.0	0.0	0.0	0.15255369	0.6105098	1.3352174	207.91434	0.0	0.0	0.8881325	198.18831	0.0	0.0	0.0	195.86343	0.0	217.18979	0.0	182.08548	0.0	3.0366764	7.8762183	186.88885	27.75102	1.6053035	0.0	220.78192	0.0	0.0	0.0	0.0	0.0	0.0	0.0	0.0	0.0	0.0
T[T>G]T	594.51306	0.0	0.0	0.0	0.0	99.52569	714.692	0.0	0.0	2.166659	615.0314	0.0	0.0	682.2794	0.0	0.0	549.3372	0.0	0.0	0.0	0.0	485.2183	0.0	0.0	0.0	0.0	0.0	0.0	9.185572	742.92804	65.92803	630.9077	583.89777	0.0	0.0	0.0	0.0	474.7159	0.0	717.4274	0.0	0.0	0.0	10.956882	0.0	0.0	0.0	0.0	509.71988	0.0	573.912	0.0	0.0	0.0	0.0	21.336727	0.0	1865.9518	0.0	0.0	0.0	13.883484	0.0	0.0	0.0	0.0	30.75992	53.025043	81.816536	684.25653	63.771492	0.0	0.0	592.813	0.0	0.0	0.0	559.62067	0.0	665.001	0.0	480.60175	0.0	10.562783	56.231598	493.82162	127.72059	50.769222	0.0	669.3286	0.0	0.0	0.0	0.0	0.0	0.0	0.0	0.0	0.0	0.18538493
